YAL001C	Transcription Factor class C	Subunit of RNA polymerase III transcription initiation factor complex; part of TauB domain of TFIIIC that binds DNA at BoxB promoter sites of tRNA and similar genes; cooperates with Tfc6p in DNA binding; largest of six subunits of RNA polymerase III transcription initiation factor complex (TFIIIC); colocalizes with condensin at pol III genes and several ETC (extra TFIIIC) sites; may have a role in recruiting or stabilizing Scc2/4 and condensin on chromosomes	ORF	Verified	FUN24|tau 138|transcription factor TFIIIC subunit TFC3|TSV115	S. cerevisiae
YAL003W	Elongation Factor Beta	Translation elongation factor 1 beta; stimulates nucleotide exchange to regenerate EF-1 alpha-GTP for the next elongation cycle; part of the EF-1 complex, which facilitates binding of aminoacyl-tRNA to the ribosomal A site; human homolog EEF1B2 can complement yeast efb1 mutants	ORF	Verified	eEF1Balpha|EF-1beta|TEF5|translation elongation factor 1 subunit beta	S. cerevisiae
YAL030W	Suppressor of the Null allele of CAP	Vesicle membrane receptor protein (v-SNARE); involved in the fusion between Golgi-derived secretory vesicles with the plasma membrane; proposed to be involved in endocytosis; member of the synaptobrevin/VAMP family of R-type v-SNARE proteins; SNC1 has a paralog, SNC2, that arose from the whole genome duplication	ORF	Verified	SNAP receptor SNC1	S. cerevisiae
YBL018C	Processing Of Precursor RNAs	Subunit of both RNase MRP and nuclear RNase P; RNase MRP cleaves pre-rRNA, while nuclear RNase P cleaves tRNA precursors to generate mature 5' ends and facilitates turnover of nuclear RNAs; relocalizes to the cytosol in response to hypoxia	ORF	Verified	ribonuclease P	S. cerevisiae
YBL026W	Like SM	Lsm (Like Sm) protein; part of heteroheptameric complexes (Lsm2p-7p and either Lsm1p or 8p): cytoplasmic Lsm1p complex involved in mRNA decay; nuclear Lsm8p complex part of U6 snRNP and possibly involved in processing tRNA, snoRNA, and rRNA; relocalizes from nucleus to cytoplasmic foci upon DNA replication stress	ORF	Verified	Sm-like protein LSM2|SMX5|SNP3	S. cerevisiae
YBL027W	Ribosomal Protein of the Large subunit	Ribosomal 60S subunit protein L19B; rpl19a and rpl19b single null mutations result in slow growth, while the double null mutation is lethal; homologous to mammalian ribosomal protein L19, no bacterial homolog; RPL19B has a paralog, RPL19A, that arose from the whole genome duplication	ORF	Verified	eL19|L19B|L19e|L23B|ribosomal 60S subunit protein L19B|rpl5L|YL14	S. cerevisiae
YBL040C	Endoplasmic reticulum Retention Defective	HDEL receptor; an integral membrane protein that binds to the HDEL motif in proteins destined for retention in the endoplasmic reticulum; has a role in maintenance of normal levels of ER-resident proteins	ORF	Verified	""	S. cerevisiae
YBL050W	SECretory	Alpha-SNAP cochaperone; SNARE-complex adaptor for Sec18 (NSF) during the disassembly of postfusion cis-SNARE complexes; stimulates the ATPase activity of Sec18p; peripheral membrane protein required for vesicular transport between ER and Golgi, the 'priming' step in homotypic vacuole fusion, and autophagy; similar to mammalian alpha-SNAP	ORF	Verified	RNS3	S. cerevisiae
YBL059W	Interactor of AIm11	Putative mitochondrial protein of unknown function; the authentic, non-tagged protein is detected in highly purified mitochondria in high-throughput studies; IAI11 has a paralog, YER093C-A, that arose from the whole genome duplication	ORF	Uncharacterized	""	S. cerevisiae
YBL087C	Ribosomal Protein of the Large subunit	Ribosomal 60S subunit protein L23A; homologous to mammalian ribosomal protein L23 and bacterial L14; RPL23A has a paralog, RPL23B, that arose from the whole genome duplication	ORF	Verified	L14|L17aA|L23A|ribosomal 60S subunit protein L23A|uL14|YL32	S. cerevisiae
YBR048W	Ribosomal Protein of the Small subunit	Protein component of the small (40S) ribosomal subunit; homologous to mammalian ribosomal protein S11 and bacterial S17; RPS11B has a paralog, RPS11A, that arose from the whole genome duplication	ORF	Verified	ribosomal 40S subunit protein S11B|rp41B|S11B|S17|S18B|uS17|YS12	S. cerevisiae
YBR062C	""	Protein of unknown function that interacts with Msb2p; may play a role in activation of the filamentous growth pathway	ORF	Uncharacterized	""	S. cerevisiae
YBR078W	ExtraCellular Mutant	GPI-anchored protein involved in efficient glucose uptake; possible role in apical bud growth; GPI-anchoring on the plasma membrane crucial to function; phosphorylated in mitochondria; similar to Sps2p; ECM33 has a paralog, PST1, that arose from the whole genome duplication	ORF	Verified	""	S. cerevisiae
YBR082C	UBiquitin-Conjugating	Ubiquitin-conjugating enzyme (E2); key E2 partner with Ubc1p for the anaphase-promoting complex (APC); mediates degradation of abnormal or excess proteins, including calmodulin and histone H3; regulates levels of DNA Polymerase-{alpha} to promote efficient and accurate DNA replication; interacts with many SCF ubiquitin protein ligases; component of the cellular stress response; UBC4 has a paralog, UBC5, that arose from the whole genome duplication	ORF	Verified	E2 ubiquitin-conjugating protein UBC4	S. cerevisiae
YBR090C	""	Putative protein of unknown function; green fluorescent protein (GFP)-fusion protein localizes to the cytoplasm and nucleus	ORF	Uncharacterized	""	S. cerevisiae
YBR119W	Mutant U1 Die	U1 snRNP A protein; homolog of human U1-A; involved in nuclear mRNA splicing	ORF	Verified	U1A|U1-A	S. cerevisiae
YBR181C	Ribosomal Protein of the Small subunit	Protein component of the small (40S) ribosomal subunit; homologous to mammalian ribosomal protein S6, no bacterial homolog; phosphorylated on S233 by Ypk3p in a TORC1-dependent manner, and on S232 in a TORC1/2-dependent manner by Ypk1/2/3p; RPS6B has a paralog, RPS6A, that arose from the whole genome duplication	ORF	Verified	eS6|LPG18|ribosomal 40S subunit protein S6B|RPS101|RPS102|S6e	S. cerevisiae
YBR186W	Pachytene CHeckpoint	Hexameric ring ATPase that remodels chromosome axis protein Hop1p; nucleolar component of the pachytene checkpoint, which prevents chromosome segregation when recombination and chromosome synapsis are defective; also represses meiotic interhomolog recombination in rDNA; required for meiotic double-stranded break formation	ORF	Verified	""	S. cerevisiae
YBR189W	Ribosomal Protein of the Small subunit	Protein component of the small (40S) ribosomal subunit; homologous to mammalian ribosomal protein S9 and bacterial S4; RPS9B has a paralog, RPS9A, that arose from the whole genome duplication	ORF	Verified	ribosomal 40S subunit protein S9B|rp21|RPS13A|S13|S4|S9B|SUP46|uS4|YS11	S. cerevisiae
YBR191W	Ribosomal Protein of the Large subunit	Ribosomal 60S subunit protein L21A; homologous to mammalian ribosomal protein L21, no bacterial homolog; RPL21A has a paralog, RPL21B, that arose from the whole genome duplication	ORF	Verified	eL21|L21A|L21e|ribosomal 60S subunit protein L21A|URP1	S. cerevisiae
YBR215W	Histone Periodic Control	Subunit of the HIR complex; HIR is a nucleosome assembly complex involved in regulation of histone gene transcription; mutants display synthetic defects with subunits of FACT, a complex that allows passage of RNA Pol II through nucleosomes	ORF	Verified	""	S. cerevisiae
YBR219C	""	Putative protein of unknown function; YBR219C is not an essential gene	ORF	Uncharacterized	""	S. cerevisiae
YBR230C	Outer Membrane Protein of 14 kDa	Mitochondrial outer membrane receptor for cytosolic ribosomes; integral protein of the outer membrane that interacts with the nascent chain-associated complex (NAC) bound to ribosomes, contributing to co-translational mitochondrial import; interacts with porin (Por1p) and Om45p; abundance is decreased in cells grown in glucose relative to other carbon sources	ORF	Verified	""	S. cerevisiae
YCL002C	""	Putative protein of unknown function; YCL002C is not an essential gene	ORF	Uncharacterized	""	S. cerevisiae
YCR031C	Ribosomal Protein of the Small subunit	Protein component of the small (40S) ribosomal subunit; required for ribosome assembly and 20S pre-rRNA processing; mutations confer cryptopleurine resistance; homologous to mammalian ribosomal protein S14 and bacterial S11; RPS14A has a paralog, RPS14B, that arose from the whole genome duplication	ORF	Verified	CRY1|ribosomal 40S subunit protein S14A|rp59A|RPL59|S11|S14A|uS11	S. cerevisiae
YCR097W	HoMothallism Right	Silenced copy of a1 at HMR; homeobox corepressor that interacts with Alpha2p to repress haploid-specific gene transcription in diploid cells	ORF	Verified	YCR097WB	S. cerevisiae
YEL003W	Gene Involved in Microtubule biogenesis	Subunit of the heterohexameric cochaperone prefoldin complex; complex binds specifically to cytosolic chaperonin and transfers target proteins to it	ORF	Verified	PFD2|tubulin-binding prefolding complex subunit GIM4	S. cerevisiae
YEL012W	UBiquitin-Conjugating	Ubiquitin-conjugating enzyme that regulates gluconeogenesis; negatively regulates gluconeogenesis by mediating the glucose-induced ubiquitination of fructose-1,6-bisphosphatase (FBPase); cytoplasmic enzyme that catalyzes the ubiquitination of histones in vitro	ORF	Verified	E2 ubiquitin-conjugating protein UBC8|GID3	S. cerevisiae
YER003C	PhosphoMannose Isomerase	Mannose-6-phosphate isomerase; catalyzes the interconversion of fructose-6-P and mannose-6-P; required for early steps in protein mannosylation	ORF	Verified	mannose-6-phosphate isomerase PMI40|PMI	S. cerevisiae
YER074W	Ribosomal Protein of the Small subunit	Protein component of the small (40S) ribosomal subunit; homologous to mammalian ribosomal protein S24, no bacterial homolog; RPS24A has a paralog, RPS24B, that arose from the whole genome duplication	ORF	Verified	eS24|ribosomal 40S subunit protein S24A|RPS24EA|S24A|S24e	S. cerevisiae
YER117W	Ribosomal Protein of the Large subunit	Ribosomal 60S subunit protein L23B; homologous to mammalian ribosomal protein L23 and bacterial L14; RPL23B has a paralog, RPL23A, that arose from the whole genome duplication	ORF	Verified	L14|L17aB|L23B|ribosomal 60S subunit protein L23B|uL14|YL32	S. cerevisiae
YER133W	GLyCogen	Type 1 S/T protein phosphatase (PP1) catalytic subunit; involved in glycogen metabolism, sporulation and mitotic progression; interacts with multiple regulatory subunits; regulates actomyosin ring formation; subunit of CPF; recruited to mating projections by Afr1p interaction; regulates nucleocytoplasmic shuttling of Hxk2p; import into the nucleus is inhibited during spindle assembly checkpoint arrest; involved in dephosphorylating Rps6a/b and Bnr1p	ORF	Verified	CID1|DIS2|DIS2S1|PP1|type 1 serine/threonine-protein phosphatase catalytic subunit GLC7	S. cerevisiae
YER179W	Disrupted Meiotic cDNA	Meiosis-specific recombinase required for double-strand break repair; also required for pairing between homologous chromosomes and for the normal morphogenesis of synaptonemal complex; binds ssDNA and dsDNA, forms helical filaments; potent inhibitor of the ATPase activity of  Srs2p helicase, blocking its ssDNA translocating motor activity and inhibiting its antirecombinase activity; stimulated by Rdh54p; homolog of Rad51p and the bacterial RecA protein 	ORF	Verified	ISC2|recombinase DMC1	S. cerevisiae
YHL001W	Ribosomal Protein of the Large subunit	Ribosomal 60S subunit protein L14B; homologous to mammalian ribosomal protein L14, no bacterial homolog; RPL14B has a paralog, RPL14A, that arose from the whole genome duplication; protein abundance increases in response to DNA replication stress	ORF	Verified	eL14|L14B|L14e|ribosomal 60S subunit protein L14B	S. cerevisiae
YHL050C	""	Putative protein of unknown function; potential Cdc28p substrate	ORF	Uncharacterized	""	S. cerevisiae
YHR010W	Ribosomal Protein of the Large subunit	Ribosomal 60S subunit protein L27A; homologous to mammalian ribosomal protein L27, no bacterial homolog; RPL27A has a paralog, RPL27B, that arose from the whole genome duplication	ORF	Verified	eL27|L27A|L27e|ribosomal 60S subunit protein L27A|RPL27	S. cerevisiae
YHR012W	Vacuolar Protein Sorting	Subunit of the membrane-associated retromer complex; endosomal protein; essential for endosome-to-Golgi retrograde transport; forms a subcomplex with Vps35p and Vps26p that selects cargo proteins for endosome-to-Golgi retrieval	ORF	Verified	PEP11|retromer subunit VPS29|VPT6	S. cerevisiae
YHR016C	""	Actin-binding protein; involved in bundling of actin filaments and endocytosis of actin cortical patches; activity stimulated by Las17p; contains SH3 domain similar to Rvs167p; YSC84 has a paralog, LSB3, that arose from the whole genome duplication	ORF	Verified	LSB4	S. cerevisiae
YHR021C	Ribosomal Protein of the Small subunit	Protein component of the small (40S) ribosomal subunit; homologous to mammalian ribosomal protein S27, no bacterial homolog; RPS27B has a paralog, RPS27A, that arose from the whole genome duplication	ORF	Verified	eS27|ribosomal 40S subunit protein S27B|rp61|S27B|S27e|YS20	S. cerevisiae
YHR041C	Suppressor of RNA polymerase B	Subunit of the RNA polymerase II mediator complex; associates with core polymerase subunits to form the RNA polymerase II holoenzyme; general transcription factor involved in telomere maintenance	ORF	Verified	HRS2|MED20	S. cerevisiae
YHR076W	Phosphatase type Two C	Type 2C serine/threonine protein phosphatase (PP2C); alternatively spliced to create two mRNA isoforms; protein from spliced form localizes to the mitochondria while the one from the unspliced form is localized to the nuclear envelope; activates coenzyme Q6 biosynthesis by dephosphorylation of demethoxy-Q6 hydroxylase Coq7p	ORF	Verified	type 2C protein phosphatase PTC7	S. cerevisiae
YHR077C	Nonsense-mediated MRNA Decay	Protein involved in the nonsense-mediated mRNA decay (NMD) pathway; interacts with Nam7p and Upf3p; involved in telomere maintenance	ORF	Verified	IFS1|SUA1|SUP111|UPF2	S. cerevisiae
YHR097C	Pears And Lemons	Protein involved in clathrin-mediated endocytosis; green fluorescent protein (GFP)-fusion protein localizes to the cytoplasm and the nucleus; YHR097C has a paralog, PAL1, that arose from the whole genome duplication	ORF	Verified	SCD1	S. cerevisiae
YHR101C	Bad In Glucose	Integral membrane protein of the endoplasmic reticulum; required for normal content of cell wall beta-1,6-glucan	ORF	Verified	""	S. cerevisiae
YHR123W	EthanolaminePhosphoTransferase	sn-1,2-diacylglycerol ethanolamine- and cholinephosphotranferase; not essential for viability; EPT1 has a paralog, CPT1, that arose from the whole genome duplication	ORF	Verified	bifunctional diacylglycerol cholinephosphotransferase/ethanolaminephosphotransferase	S. cerevisiae
YHR141C	Ribosomal Protein of the Large subunit	Ribosomal 60S subunit protein L42B; required for propagation of the killer toxin-encoding M1 double-stranded RNA satellite of the L-A double-stranded RNA virus; homologous to mammalian ribosomal protein L36A, no bacterial homolog; RPL42B has a paralog, RPL42A, that arose from the whole genome duplication	ORF	Verified	eL42|L41B|L42B|L44e|MAK18|ribosomal 60S subunit protein L42B|YL27|YP44	S. cerevisiae
YHR203C	Ribosomal Protein of the Small subunit	Protein component of the small (40S) ribosomal subunit; homologous to mammalian ribosomal protein S4, no bacterial homolog; RPS4B has a paralog, RPS4A, that arose from the whole genome duplication	ORF	Verified	eS4|ribosomal 40S subunit protein S4B|rp5|S4B|S4e|S7B|YS6	S. cerevisiae
YHR218W	""	Helicase-like protein encoded within the telomeric Y' element	ORF	Uncharacterized	""	S. cerevisiae
YIL004C	Blocked Early in Transport	Type II membrane protein required for vesicular transport; required for vesicular transport between the endoplasmic reticulum and Golgi complex; v-SNARE with similarity to synaptobrevins	ORF	Verified	SLY12	S. cerevisiae
YIL018W	Ribosomal Protein of the Large subunit	Ribosomal 60S subunit protein L2B; homologous to mammalian ribosomal protein L2 and bacterial L2; RPL2B has a paralog, RPL2A, that arose from the whole genome duplication; expression is upregulated at low temperatures	ORF	Verified	L2|L2B|L5B|LOT2|ribosomal 60S subunit protein L2B|rp8|RPL5A|uL2|YL6	S. cerevisiae
YIL052C	Ribosomal Protein of the Large subunit	Ribosomal 60S subunit protein L34B; homologous to mammalian ribosomal protein L34, no bacterial homolog; RPL34B has a paralog, RPL34A, that arose from the whole genome duplication	ORF	Verified	eL34|L34B|L34e|ribosomal 60S subunit protein L34B	S. cerevisiae
YIL069C	Ribosomal Protein of the Small subunit	Protein component of the small (40S) ribosomal subunit; homologous to mammalian ribosomal protein S24, no bacterial homolog; RPS24B has a paralog, RPS24A, that arose from the whole genome duplication	ORF	Verified	eS24|ribosomal 40S subunit protein S24B|RPS24EB|S24B|S24e	S. cerevisiae
YIL073C	SPOrulation	Meiosis-specific protein essential for chromosome synapsis; involved in completion of nuclear divisions during meiosis; induced early in meiosis	ORF	Verified	ZIP4	S. cerevisiae
YIL106W	Mps One Binder	Component of the mitotic exit network; associates with and is required for the activation and Cdc15p-dependent phosphorylation of the Dbf2p kinase; required for cytokinesis and cell separation; component of the CCR4 transcriptional complex; relocalizes from cytoplasm to the nuclear periphery upon DNA replication stress	ORF	Verified	""	S. cerevisiae
YIL111W	Cytochrome c OXidase	Subunit Vb of cytochrome c oxidase; cytochrome c oxidase is the terminal member of the mitochondrial inner membrane electron transport chain; Cox5Bp is predominantly expressed during anaerobic growth while its isoform Va (Cox5Ap) is expressed during aerobic growth; COX5B has a paralog, COX5A, that arose from the whole genome duplication	ORF	Verified	cytochrome c oxidase subunit Vb	S. cerevisiae
YIL133C	Ribosomal Protein of the Large subunit	Ribosomal 60S subunit protein L16A; N-terminally acetylated, binds 5.8 S rRNA; transcriptionally regulated by Rap1p; homologous to mammalian ribosomal protein L13A and bacterial L13; RPL16A has a paralog, RPL16B, that arose from the whole genome duplication; protein abundance increases in response to DNA replication stress	ORF	Verified	L13|L16A|L21A|ribosomal 60S subunit protein L16A|rp22|RPL13|uL13|YL15	S. cerevisiae
YIL148W	Ribosomal Protein of the Large subunit	Ubiquitin-ribosomal 60S subunit protein L40A fusion protein; cleaved to yield ubiquitin and ribosomal protein L40A; ubiquitin may facilitate assembly of the ribosomal protein into ribosomes; homologous to mammalian ribosomal protein L40, no bacterial homolog; RPL40A has a paralog, RPL40B, that arose from the whole genome duplication; relative distribution to the nucleus increases upon DNA replication stress	ORF	Verified	CEP52A|eL40|L40A|L40e|UB11|UBI1|ubiquitin-ribosomal 60S subunit protein L40A fusion protein	S. cerevisiae
YIL177C	""	Putative Y' element ATP-dependent helicase	ORF	Uncharacterized	Y' element ATP-dependent helicase	S. cerevisiae
YKL002W	Doa4-Independent Degradation	Class E Vps protein of the ESCRT-III complex; required for sorting of integral membrane proteins into lumenal vesicles of multivesicular bodies, and for delivery of newly synthesized vacuolar enzymes to the vacuole, involved in endocytosis	ORF	Verified	CHM2|ESCRT-III subunit protein DID4|GRD7|REN1|VPL2|VPS14|VPS2|VPT14	S. cerevisiae
YKL006W	Ribosomal Protein of the Large subunit	Ribosomal 60S subunit protein L14A; N-terminally acetylated; homologous to mammalian ribosomal protein L14, no bacterial homolog; RPL14A has a paralog, RPL14B, that arose from the whole genome duplication	ORF	Verified	eL14|L14A|L14e|ribosomal 60S subunit protein L14A	S. cerevisiae
YKL081W	Translation Elongation Factor	Gamma subunit of translational elongation factor eEF1B; stimulates the binding of aminoacyl-tRNA (AA-tRNA) to ribosomes by releasing eEF1A (Tef1p/Tef2p) from the ribosomal complex	ORF	Verified	EFC1|translation elongation factor EF1B gamma	S. cerevisiae
YKL156W	Ribosomal Protein of the Small subunit	Protein component of the small (40S) ribosomal subunit; homologous to mammalian ribosomal protein S27, no bacterial homolog; RPS27A has a paralog, RPS27B, that arose from the whole genome duplication; protein abundance increases in response to DNA replication stress	ORF	Verified	eS27|ribosomal 40S subunit protein S27A|rp61|S27A|S27e|YS20	S. cerevisiae
YKL157W	AminoPEptidase	Aminopeptidase yscII; may have role in obtaining leucine from dipeptide substrates; targeted to vacuole via Vps10p-dependent endosomal vacuolar protein sorting pathway; APE2 has a paralog, AAP1, that arose from the whole genome duplication	ORF	Verified	LAP1|metallo-aminopeptidase|YKL158W	S. cerevisiae
YKL180W	Ribosomal Protein of the Large subunit	Ribosomal 60S subunit protein L17A; required for processing of 27SB pre-rRNA and formation of stable 66S assembly intermediates; copurifies with the Dam1 complex (aka DASH complex); homologous to mammalian ribosomal protein L17 and bacterial L22; RPL17A has a paralog, RPL17B, that arose from the whole genome duplication; protein abundance increases in response to DNA replication stress	ORF	Verified	L17A|L20A|L22|ribosomal 60S subunit protein L17A|RPL17|uL22|YL17	S. cerevisiae
YKL190W	CalciNeurin subunit B	Calcineurin B; regulatory subunit of calcineurin, a Ca++/calmodulin-regulated type 2B protein phosphatase which regulates Crz1p (stress-response transcription factor); other calcineurin subunit encoded by CNA1 and/or CMP1; regulates function of Aly1p alpha-arrestin; myristoylation by Nmt1p reduces calcineurin activity in response to submaximal Ca signals, is needed to prevent constitutive phosphatase activity; protein abundance increases in response to DNA replication stress	ORF	Verified	calcineurin regulatory subunit B|CRV1|YCN2	S. cerevisiae
YKR004C	ExtraCellular Mutant	Non-essential protein of unknown function	ORF	Verified	YKR004C-A	S. cerevisiae
YKR005C	""	Putative protein of unknown function	ORF	Uncharacterized	""	S. cerevisiae
YKR057W	Ribosomal Protein of the Small subunit	Protein component of the small (40S) ribosomal subunit; homologous to mammalian ribosomal protein S21, no bacterial homolog; RPS21A has a paralog, RPS21B, that arose from the whole genome duplication	ORF	Verified	eS21|ribosomal 40S subunit protein S21A|RPS25|S21A|S21e|S26A|YS25	S. cerevisiae
YKR094C	Ribosomal Protein of the Large subunit	Ubiquitin-ribosomal 60S subunit protein L40B fusion protein; cleaved to yield ubiquitin and ribosomal protein L40B; ubiquitin may facilitate assembly of the ribosomal protein into ribosomes; homologous to mammalian ribosomal protein L40, no bacterial homolog; RPL40B has a paralog, RPL40A, that arose from the whole genome duplication	ORF	Verified	CEP52B|eL40|L40B|L40e|UB12|UBI2|ubiquitin-ribosomal 60S subunit protein L40B fusion protein	S. cerevisiae
YFL039C	ACTin	Actin, structural protein in cytoskeleton; involved in cell polarization, endocytosis, and other cytoskeletal functions; monomeric actin in the nucleus plays a role in INO80 chromatin remodeling	ORF	Verified	ABY1|actin|END7	S. cerevisiae
YFL034C-B	Mps One Binder	Activator of Cbk1p kinase; component of the RAM signaling network that regulates cellular polarity and morphogenesis; activation of Cbk1p facilitates the Ace2p-dependent daughter cell-specific transcription of genes involved in cell separation; similar to Mob1p	ORF	Verified	YFL035C|YFL035C-A	S. cerevisiae
YFL031W	Homologous to Atf/Creb1	Basic leucine zipper (bZIP) transcription factor (ATF/CREB1 homolog); regulates unfolded protein response via UPRE binding and membrane biogenesis; translation initiation repressed under non-stress conditions by un-spliced intron that interacts with 5'-UTR; under ER stress Ire1p nuclease cleaves out inhibitory intron and triggers efficient Hac1p translation; two functional forms of Hac1p are produced; protein abundance increases in response to DNA replication stress	ORF	Verified	ERN4|IRE15|transcription factor HAC1	S. cerevisiae
YFR045W	Mitochondrial oRganization of gene eXpression (MIOREX)	Putative mitochondrial transport protein; null mutant is viable, exhibits decreased levels of chitin and normal resistance to calcofluor white	ORF	Uncharacterized	""	S. cerevisiae
YER044C-A	MEIosis-specific	Meiosis-specific protein involved in forming DSBs; involved in double-strand break (DSBs) formation during meiotic recombination; required for chromosome synapsis and production of viable spores	ORF	Verified	""	S. cerevisiae
YHR079C-A	Sporulation in the Absence of spo Eleven	Meiosis-specific protein involved in meiotic recombination; involved in DMC1-dependent meiotic recombination; forms heterodimer with Mei5p; proposed to be an assembly factor for Dmc1p	ORF	Verified	YHR079BC|YHR079C-B	S. cerevisiae
YHR039C-A	""	Subunit G of the V1 peripheral membrane domain of V-ATPase; part of the electrogenic proton pump found throughout the endomembrane system; involved in vacuolar acidification; the V1 peripheral membrane domain of the vacuolar H+-ATPase (V-ATPase) has eight subunits	ORF	Verified	H(+)-transporting V1 sector ATPase subunit G|YHR039BC|YHR039C-B	S. cerevisiae
YKL006C-A	Suppressor of sed Five Ts	Intra-Golgi v-SNARE; required for transport of proteins between an early and a later Golgi compartment	ORF	Verified	""	S. cerevisiae
YFR031C-A	Ribosomal Protein of the Large subunit	Ribosomal 60S subunit protein L2A; homologous to mammalian ribosomal protein L2 and bacterial L2; RPL2A has a paralog, RPL2B, that arose from the whole genome duplication	ORF	Verified	L2|L2A|L5A|ribosomal 60S subunit protein L2A|rp8|RPL5B|uL2|YL6	S. cerevisiae
YER056C-A	Ribosomal Protein of the Large subunit	Ribosomal 60S subunit protein L34A; homologous to mammalian ribosomal protein L34, no bacterial homolog; RPL34A has a paralog, RPL34B, that arose from the whole genome duplication	ORF	Verified	eL34|L34A|L34e|ribosomal 60S subunit protein L34A	S. cerevisiae
YBL111C	""	Helicase-like protein encoded within the telomeric Y' element; relocalizes from mitochondrion to cytoplasm upon DNA replication stress	ORF	Verified	""	S. cerevisiae
YBR084C-A	Ribosomal Protein of the Large subunit	Ribosomal 60S subunit protein L19A; rpl19a and rpl19b single null mutations result in slow growth, while the double null mutation is lethal; homologous to mammalian ribosomal protein L19, no bacterial homolog; RPL19A has a paralog, RPL19B, that arose from the whole genome duplication	ORF	Verified	eL19|L19A|L19e|L23A|ribosomal 60S subunit protein L19A|rpl5L|YL14	S. cerevisiae
YDL012C	""	Tail-anchored plasma membrane protein with a conserved CYSTM module; possibly involved in response to stress; may contribute to non-homologous end-joining (NHEJ) based on ydl012c htz1 double null phenotype; YDL012C has a paralog, YBR016W, that arose from the whole genome duplication	ORF	Verified	""	S. cerevisiae
YDL029W	Actin-Related Protein	Essential component of the Arp2/3 complex; Arp2/3 is a highly conserved actin nucleation center required for the motility and integrity of actin patches; involved in endocytosis and membrane growth and polarity; required for efficient Golgi-to-ER trafficking in COPI mutants	ORF	Verified	ACT2|actin-related protein 2	S. cerevisiae
YDL064W	UBiquitin-Conjugating	SUMO-conjugating enzyme involved in the Smt3p conjugation pathway; nuclear protein required for S- and M-phase cyclin degradation and mitotic control; involved in proteolysis mediated by the anaphase-promoting complex cyclosome (APCC)	ORF	Verified	E2 SUMO-conjugating protein UBC9	S. cerevisiae
YDL075W	Ribosomal Protein of the Large subunit	Ribosomal 60S subunit protein L31A; associates with karyopherin Sxm1p; loss of both Rpl31p and Rpl39p confers lethality; homologous to mammalian ribosomal protein L31, no bacterial homolog; RPL31A has a paralog, RPL31B, that arose from the whole genome duplication	ORF	Verified	eL31|L31A|L31e|L34A|ribosomal 60S subunit protein L31A|RPL34|YL28	S. cerevisiae
YDL079C	Mds1p Related Kinase	Glycogen synthase kinase 3 (GSK-3) homolog; one of four GSK-3 homologs in S. cerevisiae that function to activate Msn2p-dependent transcription of stress responsive genes and that function in protein degradation; MRK1 has a paralog, RIM11, that arose from the whole genome duplication	ORF	Verified	putative serine/threonine protein kinase MRK1	S. cerevisiae
YDL082W	Ribosomal Protein of the Large subunit	Ribosomal 60S subunit protein L13A; not essential for viability; homologous to mammalian ribosomal protein L13, no bacterial homolog; RPL13A has a paralog, RPL13B, that arose from the whole genome duplication	ORF	Verified	eL13|L13A|L13e|ribosomal 60S subunit protein L13A	S. cerevisiae
YDL083C	Ribosomal Protein of the Small subunit	Protein component of the small (40S) ribosomal subunit; homologous to mammalian ribosomal protein S16 and bacterial S9; RPS16B has a paralog, RPS16A, that arose from the whole genome duplication	ORF	Verified	ribosomal 40S subunit protein S16B|rp61R|S16B|S9|uS9	S. cerevisiae
YDL108W	protein KINase	Ser/Thr protein kinase and subunit of TFIIK, a TFIIH subassembly; phosphorylates the C-terminal domain (CTD) of RNAPII (Ser5 and Ser7); facilitates recruitment of mRNA 5'-capping and polyadenylation factors to the RNAPII holoenzyme complex; minor role in RNAPII transcription; role in RNAPI transcription; regulates Atg1p kinase complex assembly during nitrogen starvation induced autophagy; associates with cyclin Ccl1p; relocalizes to the cytosol in response to hypoxia; ortholog of human CDK7	ORF	Verified	TFIIH complex serine/threonine-protein kinase subunit KIN28	S. cerevisiae
YDL115C	Interacts With RNA polymerase II	RNA polymerase II transport factor, conserved from yeast to humans; also has a role in transporting RNA polymerase III into the nucleus; interacts with most of the RNAP II subunits; nucleo-cytoplasmic shuttling protein; deletion causes hypersensitivity to K1 killer toxin; protein increases in abundance and relocalizes from nucleus to cytoplasm upon DNA replication stress	ORF	Verified	""	S. cerevisiae
YDL125C	Histidine triad NucleoTide-binding	Adenosine 5'-monophosphoramidase; interacts physically and genetically with Kin28p, a CDK and TFIIK subunit, and genetically with CAK1; member of histidine triad (HIT) superfamily of nucleotide-binding proteins; protein abundance increases in response to DNA replication stress; human homolog HINT1 can complement yeast hnt1 mutant	ORF	Verified	adenosine 5'-monophosphoramidase	S. cerevisiae
YDL130W	Ribosomal Protein P1 Beta	Ribosomal protein P1 beta; component of the ribosomal stalk, which is involved in interaction of translational elongation factors with ribosome; free (non-ribosomal) P1 stimulates the phosphorylation of the eIF2 alpha subunit (Sui2p) by Gcn2p; accumulation is regulated by phosphorylation and interaction with the P2 stalk component	ORF	Verified	Ax|L44'|P1B|ribosomal protein P1B|RPL44'|RPLA3|YP1beta	S. cerevisiae
YDL136W	Ribosomal Protein of the Large subunit	Ribosomal 60S subunit protein L35B; homologous to mammalian ribosomal protein L35 and bacterial L29; RPL35B has a paralog, RPL35A, that arose from the whole genome duplication	ORF	Verified	L29|L35B|ribosomal 60S subunit protein L35B|SOS2|uL29	S. cerevisiae
YDL191W	Ribosomal Protein of the Large subunit	Ribosomal 60S subunit protein L35A; homologous to mammalian ribosomal protein L35 and bacterial L29; RPL35A has a paralog, RPL35B, that arose from the whole genome duplication	ORF	Verified	L29|L35A|ribosomal 60S subunit protein L35A|SOS1|uL29	S. cerevisiae
YDL219W	D-Tyr-tRNA(Tyr) Deacylase	D-Tyr-tRNA(Tyr) deacylase; functions in protein translation, may affect nonsense suppression via alteration of the protein synthesis machinery; ubiquitous among eukaryotes	ORF	Verified	D-tyrosyl-tRNA(Tyr) deacylase	S. cerevisiae
YDR005C	""	Highly conserved negative regulator of RNA polymerase III; involved in tRNA processing and stability; inhibits tRNA degradation via rapid tRNA decay (RTD) pathway; binds N-terminal domain of Rpc160p subunit of Pol III to prevent closed-complex formation; regulated by phosphorylation mediated by TORC1, protein kinase A, Sch9p, casein kinase 2; localizes to cytoplasm during vegetative growth and translocates to nucleus and nucleolus under stress conditions	ORF	Verified	RNA polymerase III-inhibiting protein MAF1	S. cerevisiae
YDR025W	Ribosomal Protein of the Small subunit	Protein component of the small (40S) ribosomal subunit; homologous to mammalian ribosomal protein S11 and bacterial S17; N-terminally propionylated in vivo; RPS11A has a paralog, RPS11B, that arose from the whole genome duplication	ORF	Verified	ribosomal 40S subunit protein S11A|rp41A|S11A|S17|S18A|uS17|YS12	S. cerevisiae
YDR059C	UBiquitin-Conjugating	Ubiquitin-conjugating enzyme; mediates selective degradation of short-lived, abnormal, or excess proteins, including histone H3; central component of the cellular stress response; expression is heat inducible; protein abundance increases in response to DNA replication stress; UBC5 has a paralog, UBC4, that arose from the whole genome duplication	ORF	Verified	E2 ubiquitin-conjugating protein UBC5	S. cerevisiae
YDR064W	Ribosomal Protein of the Small subunit	Protein component of the small (40S) ribosomal subunit; homologous to mammalian ribosomal protein S13 and bacterial S15	ORF	Verified	ribosomal 40S subunit protein S13|RPS13B|RPS13C|S13|S15|S27a|uS15|YS15	S. cerevisiae
YDR092W	UBiquitin-Conjugating	E2 ubiquitin-conjugating enzyme; involved in the error-free DNA postreplication repair pathway; interacts with Mms2p to assemble ubiquitin chains at the Ub Lys-63 residue; DNA damage triggers redistribution from the cytoplasm to the nucleus	ORF	Verified	E2 ubiquitin-conjugating protein UBC13	S. cerevisiae
YDR129C	Suppressor of ACtin	Fimbrin, actin-bundling protein; cooperates with Scp1p in organization and maintenance of the actin cytoskeleton; phosphorylated by Cdc28p/Clb2p in metaphase on T103, to regulate conformation, and modulate actin filament binding affinity and actin cable dynamics; relocalizes from the plasma membrane to the cytoplasm upon DNA replication stress; human homologs PLS3 and LCP1 implicated in spinocerebellar ataxia type 2 (SCA2) can each complement yeast null mutant	ORF	Verified	ABP67|fimbrin	S. cerevisiae
YDR139C	Related to UBiquitin	Ubiquitin-like protein with similarity to mammalian NEDD8; conjugation (neddylation) substrates include the cullins Cdc53p, Rtt101p, and Cul3p; activated by Ula1p and Uba3p (E1 enzyme pair); conjugation mediated by Ubc12p (E2 enzyme)	ORF	Verified	NEDD8 family protein RUB1	S. cerevisiae
YDR305C	Histidine triad NucleoTide-binding	Dinucleoside triphosphate hydrolase; has similarity to the tumor suppressor FHIT and belongs to the histidine triad (HIT) superfamily of nucleotide-binding proteins	ORF	Verified	APH1|bis(5'-adenosyl)-triphosphatase	S. cerevisiae
YDR318W	MiniChromosome Maintenance	Component of the kinetochore sub-complex COMA; COMA (Ctf19p, Okp1p, Mcm21p, Ame1p) bridges kinetochore subunits in contact with centromeric DNA with subunits bound to microtubules during kinetochore assembly; involved in minichromosome maintenance; modified by sumoylation; orthologous to human centromere constitutive-associated network (CCAN) subunit CENP-O and fission yeast mal2	ORF	Verified	CTF5	S. cerevisiae
YDR367W	Kex2-cleavable protein Essential for Inositol phosphorylceramide synthesis	Component of inositol phosphorylceramide (IPC) synthase; forms a complex with Aur1p and regulates its activity; required for IPC synthase complex localization to the Golgi; post-translationally processed by Kex2p; KEI1 is an essential gene	ORF	Verified	""	S. cerevisiae
YDR381W	Yeast RNA Annealing protein	Nuclear polyadenylated RNA-binding protein; required for export of poly(A)+ mRNA from the nucleus; proposed to couple mRNA export with 3' end processing via its interactions with Mex67p and Pcf11p; interacts with DBP2; inhibits the helicase activity of Dbp2; functionally redundant with Yra2p, another REF family member	ORF	Verified	RNA-binding protein YRA1|SHE11	S. cerevisiae
YDR397C	Negative Cofactor B	Subunit of a heterodimeric NC2 transcription regulator complex; complex binds to TBP and can repress transcription by preventing preinitiation complex assembly or stimulate activated transcription; homologous to human NC2beta; complex also includes Bur6p	ORF	Verified	negative cofactor 2 transcription regulator complex subunit NCB2|YDR1	S. cerevisiae
YDR424C	DYNein	Cytoplasmic light chain dynein, microtubule motor protein; required for intracellular transport and cell division; involved in mitotic spindle positioning; forms complex with dynein intermediate chain Pac11p that promotes Dyn1p homodimerization, potentiates motor processivity; Dyn2p-Pac11p complex important for interaction of dynein motor complex with dynactin complex; acts as molecular glue to dimerize, stabilize Nup82-Nsp1-Nup159 complex module of cytoplasmic pore filaments	ORF	Verified	dynein light chain|SLC1	S. cerevisiae
YDR447C	Ribosomal Protein of the Small subunit	Ribosomal protein 51 (rp51) of the small (40s) subunit; homologous to mammalian ribosomal protein S17, no bacterial homolog; RPS17B has a paralog, RPS17A, that arose from the whole genome duplication; protein abundance increases in response to DNA replication stress	ORF	Verified	eS17|ribosomal 40S subunit protein S17B|rp51B|RP51B|RPL51B|S17B|S17e	S. cerevisiae
YDR450W	Ribosomal Protein of the Small subunit	Protein component of the small (40S) ribosomal subunit; homologous to mammalian ribosomal protein S18 and bacterial S13; RPS18A has a paralog, RPS18B, that arose from the whole genome duplication; protein increases in abundance and relocalizes from cytoplasm to nuclear foci upon DNA replication stress	ORF	Verified	ribosomal 40S subunit protein S18A|S13|S18A|uS13	S. cerevisiae
YDR471W	Ribosomal Protein of the Large subunit	Ribosomal 60S subunit protein L27B; homologous to mammalian ribosomal protein L27, no bacterial homolog; RPL27B has a paralog, RPL27A, that arose from the whole genome duplication	ORF	Verified	eL27|L27B|L27e|ribosomal 60S subunit protein L27B	S. cerevisiae
YDR500C	Ribosomal Protein of the Large subunit	Ribosomal 60S subunit protein L37B; required for processing of 27SB pre-rRNA and formation of stable 66S assembly intermediates; protein abundance increases in response to DNA replication stress; homologous to mammalian ribosomal protein L37, no bacterial homolog; RPL37B has a paralog, RPL37A, that arose from the whole genome duplication	ORF	Verified	eL37|L37B|L37e|L43|ribosomal 60S subunit protein L37B|YL35	S. cerevisiae
YDR535C	""	Dubious open reading frame; unlikely to encode a functional protein, based on available experimental and comparative sequence data; YDR535C is not an essential gene	ORF	Dubious	""	S. cerevisiae
YEL076C-A	""	Putative protein of unknown function	ORF	Uncharacterized	""	S. cerevisiae
YER007C-A	Translation Machinery Associated	Protein of unknown function that associates with ribosomes; has a putative RNA binding domain; interacts with Tma22p; null mutant exhibits translation defects; has homology to human oncogene MCT-1; protein abundance increases in response to DNA replication stress	ORF	Verified	RBF20|translation machinery-associated protein 20	S. cerevisiae
YER093C-A	Altered Inheritance rate of Mitochondria	Protein of unknown function; null mutant is viable but shows increased loss of mitochondrial genome and synthetic interaction with prohibitin (phb1); contains an intron; SWAT-GFP and mCherry fusion proteins localize to the mitochondria; localizes to the peroxisome in glucose; YER093C-A has a paralog, YBL059W, that arose from the whole genome duplication	ORF	Verified	GEP8	S. cerevisiae
YFR024C-A	Las Seventeen Binding protein	Protein containing a C-terminal SH3 domain; binds Las17p, which is a homolog of human Wiskott-Aldrich Syndrome protein involved in actin patch assembly and actin polymerization; protein abundance increases in response to DNA replication stress; LSB3 has a paralog, YSC84, that arose from the whole genome duplication	ORF	Verified	YFR024C	S. cerevisiae
YGL030W	Ribosomal Protein of the Large subunit	Ribosomal 60S subunit protein L30; involved in pre-rRNA processing in the nucleolus; autoregulates splicing of its transcript; homologous to mammalian ribosomal protein L30, no bacterial homolog	ORF	Verified	eL30|L30|L30e|L32|ribosomal 60S subunit protein L30|rp73|YL38	S. cerevisiae
YGL033W	HOmologous Pairing	Meiosis-specific protein that localizes to chromosomes; prevents synapsis between nonhomologous chromosomes and ensures synapsis between homologs; forms complex with Mnd1p to promote homolog pairing and meiotic double-strand break repair; heterodimer of Hop2p-Mnd1p stimulates the Dmc1p-mediated strand invasion	ORF	Verified	""	S. cerevisiae
YGL076C	Ribosomal Protein of the Large subunit	Ribosomal 60S subunit protein L7A; required for processing of 27SA3 pre-rRNA to 27SB pre-rRNA during assembly of large ribosomal subunit; depletion leads to a turnover of pre-rRNA; contains a conserved C-terminal Nucleic acid Binding Domain (NDB2); binds to Domain II of 25S and 5.8S rRNAs; homologous to mammalian ribosomal protein L7 and bacterial L30; RPL7A has a paralog, RPL7B, that arose from the whole genome duplication	ORF	Verified	L30|L6A|L7A|ribosomal 60S subunit protein L7A|rp11|uL30|YL8	S. cerevisiae
YGL087C	Methyl MethaneSulfonate sensitivity	Ubiquitin-conjugating enzyme variant; involved in error-free postreplication repair; forms a heteromeric complex with Ubc13p, an active ubiquitin-conjugating enzyme; cooperates with chromatin-associated RING finger proteins, Rad18p and Rad5p; protein abundance increases in response to DNA replication stress	ORF	Verified	E2 ubiquitin-conjugating protein MMS2	S. cerevisiae
YGL103W	Ribosomal Protein of the Large subunit	Ribosomal 60S subunit protein L28; homologous to mammalian ribosomal protein L27A and bacterial L15; may have peptidyl transferase activity; can mutate to cycloheximide resistance	ORF	Verified	CYH2|L15|L28|L29|ribosomal 60S subunit protein L28|rp44|uL15|YL24	S. cerevisiae
YGL137W	SECretory	Essential beta'-coat protein of the COPI coatomer; involved in ER-to-Golgi and Golgi-to-ER transport; contains WD40 domains that mediate cargo selective interactions; 45% sequence identity to mammalian beta'-COP	ORF	Verified	coatomer subunit beta'	S. cerevisiae
YGL178W	Multicopy suppressor of Pop Two	mRNA-binding protein of the PUF family; binds to specific mRNAs, often in the 3' UTR; has broad specificity and binds to more than 1000 mRNAs (16% of the transcriptome); recruits the CCR4-NOT deadenylase complex to mRNAs along with Dhh1p and Dcp1p to promote deadenylation, decapping, and decay; also interacts with the Caf20p translational initiation repressor, affecting its mRNA target specificity	ORF	Verified	HTR1|PUF5|UTH4	S. cerevisiae
YGL183C	Meiotic Nuclear Divisions	Protein required for recombination and meiotic nuclear division; forms a complex with Hop2p, which is involved in chromosome pairing and repair of meiotic double-strand breaks	ORF	Verified	""	S. cerevisiae
YGL226C-A	OligoSaccharylTransferase	Zeta subunit of the oligosaccharyltransferase complex of the ER lumen; complex catalyzes asparagine-linked glycosylation of newly synthesized proteins	ORF	Verified	dolichyl-diphosphooligosaccharide--protein glycotransferase subunit	S. cerevisiae
YGL232W	Trna AcetylatioN	Putative tRNA acetyltransferase; RNA-binding protein required for the formation of the modified nucleoside N(4)-acetylcytidine in serine and leucine tRNAs but not required for the same modification in 18S rRNA; protein abundance increases in response to DNA replication stress	ORF	Verified	putative tRNA acetyltransferase	S. cerevisiae
YGL251C	Helicase Family Member	Meiosis specific DNA helicase; involved in the conversion of double-stranded breaks to later recombination intermediates and in crossover control; catalyzes the unwinding of Holliday junctions; has ssDNA and dsDNA stimulated ATPase activity	ORF	Verified	DNA helicase|MER3	S. cerevisiae
YGR001C	Elongation Factor Methyltransferase	S-adenosylmethionine-dependent lysine methyltransferase; involved in the trimethylation of eEF1A (Tef1p/Tef2p) at lysine 79; green fluorescent protein (GFP)-fusion protein localizes to the cytoplasm; required for replication of Brome mosaic virus in budding yeast; expresses a circular RNA; originally misclassified as a N-6-adenine specific DNA methyltransferase based on sequence similarity; both Efm5p and human ortholog N6AMT2 can methylate eEF1a from either species in vitro	ORF	Verified	AML1|protein-lysine N-methyltransferase	S. cerevisiae
YGR029W	Essential for Respiration and Viability	Flavin-linked sulfhydryl oxidase of the mitochondrial IMS; N-terminus is an intrinsically disordered domain that in the cytosol helps target Erv1p to mitochondria, and in the intermembrane space oxidizes Mia40p as part of a disulfide relay system that promotes intermembrane space retention of imported proteins; functional ortholog of human GFER (ALR); human GFER carrying N-terminal 21 amino acids of Erv1p functionally complements the lethality of the erv1 null mutation	ORF	Verified	flavin-linked sulfhydryl oxidase	S. cerevisiae
YGR034W	Ribosomal Protein of the Large subunit	Ribosomal 60S subunit protein L26B; binds to 5.8S rRNA; non-essential even when paralog is also deleted; deletion has minimal affections on ribosome biosynthesis; homologous to mammalian ribosomal protein L26 and bacterial L24; RPL26B has a paralog, RPL26A, that arose from the whole genome duplication	ORF	Verified	L24|L26B|L33B|ribosomal 60S subunit protein L26B|uL24|YL33	S. cerevisiae
YGR118W	Ribosomal Protein of the Small subunit	Ribosomal protein 28 (rp28) of the small (40S) ribosomal subunit; required for translational accuracy; homologous to mammalian ribosomal protein S23 and bacterial S12; RPS23A has a paralog, RPS23B, that arose from the whole genome duplication; deletion of both RPS23A and RPS23B is lethal	ORF	Verified	ribosomal 40S subunit protein S23A|rp37|S12|S23A|S28A|uS12|YS14	S. cerevisiae
YGR183C	ubiQuinol-cytochrome C oxidoReductase	Subunit 9 of ubiquinol cytochrome-c reductase (Complex III); Complex III is a component of the mitochondrial inner membrane electron transport chain; required for electron transfer at the ubiquinol oxidase site of the complex	ORF	Verified	ubiquinol--cytochrome-c reductase subunit 9|UCR9	S. cerevisiae
YGR214W	Ribosomal Protein of the Small subunit	Ribosomal 40S subunit protein S0A; required for maturation of 18S rRNA along with Rps0Bp; deletion of either RPS0 gene reduces growth rate, deletion of both genes is lethal; homologous to human ribosomal protein SA and bacterial S2; RPS0A has a paralog, RPS0B, that arose from the whole genome duplication;	ORF	Verified	NAB1|NAB1A|ribosomal 40S subunit protein S0A|S0A|S2|uS2|YST1	S. cerevisiae
YGR225W	Activator of Meiotic APC/C	Activator of meiotic anaphase promoting complex (APC/C); Cdc20p family member; required for initiation of spore wall assembly; required for Clb1p degradation during meiosis; prevents premature assembly of the meiosis I spindle, required for DSB induced prophase I arrest	ORF	Verified	SPO70	S. cerevisiae
YGR296W	""	Helicase encoded by the Y' element of subtelomeric regions; highly expressed in the mutants lacking the telomerase component TLC1; potentially phosphorylated by Cdc28p	ORF	Verified	Y' element ATP-dependent helicase protein 1 copy 3|YRF1	S. cerevisiae
YHR001W-A	ubiQuinol-cytochrome C oxidoReductase	Subunit of the ubiqunol-cytochrome c oxidoreductase complex; this complex comprises part of the mitochondrial respiratory chain; members include Cobp, Rip1p, Cyt1p, Cor1p, Qcr2p, Qcr6p, Qcr7p, Qcr8p, Qcr9p, and Qcr10p and comprises part of the mitochondrial respiratory chain	ORF	Verified	ubiquinol--cytochrome-c reductase subunit 10	S. cerevisiae
YJL001W	PRoteinase yscE	Beta 1 subunit of the 20S proteasome; responsible for cleavage after acidic residues in peptides	ORF	Verified	CRL21|proteasome core particle subunit beta 1	S. cerevisiae
YJL024C	clathrin Associated Protein complex Small subunit	Small subunit of the clathrin-associated adaptor complex AP-3; involved in vacuolar protein sorting; related to the sigma subunit of the mammalian clathrin AP-3 complex; suppressor of loss of casein kinase 1 function; protein abundance increases in response to DNA replication stress	ORF	Verified	YKS7	S. cerevisiae
YJL031C	Blocked Early in Transport	Alpha subunit of Type II geranylgeranyltransferase; required for vesicular transport between the endoplasmic reticulum and the Golgi; provides a membrane attachment moiety to Rab-like proteins Ypt1p and Sec4p	ORF	Verified	Rab geranylgeranyltransferase BET4	S. cerevisiae
YJL041W	NucleoSkeletal-like Protein	FG-nucleoporin component of central core of the nuclear pore complex; also part of the nuclear pore complex (NPC) nuclear basket; contributes directly to nucleocytoplasmic transport and maintenance of the NPC permeability barrier; found in stable complex with Nup82p, Gle2p and two other FG-nucleoporins (Nup159p and Nup116p); also found in stable complex with Nic96p and two other FG-nucleoproteins (Nup49p and Nup57p)	ORF	Verified	FG-nucleoporin NSP1	S. cerevisiae
YJL136C	Ribosomal Protein of the Small subunit	Protein component of the small (40S) ribosomal subunit; homologous to mammalian ribosomal protein S21, no bacterial homolog; RPS21B has a paralog, RPS21A, that arose from the whole genome duplication	ORF	Verified	eS21|ribosomal 40S subunit protein S21B|S21B|S21e|S26B|YS25	S. cerevisiae
YJL177W	Ribosomal Protein of the Large subunit	Ribosomal 60S subunit protein L17B; required for processing of 27SB pre-rRNA and formation of stable 66S assembly intermediates; homologous to mammalian ribosomal protein L17 and bacterial L22; RPL17B has a paralog, RPL17A, that arose from the whole genome duplication	ORF	Verified	L17B|L20B|L22|ribosomal 60S subunit protein L17B|uL22|YL17	S. cerevisiae
YJL189W	Ribosomal Protein of the Large subunit	Ribosomal 60S subunit protein L39; required for ribosome biogenesis; loss of both Rpl31p and Rpl39p confers lethality; also exhibits genetic interactions with SIS1 and PAB1; homologous to mammalian ribosomal protein L39, no bacterial homolog	ORF	Verified	eL39|L39|L39e|L46|ribosomal 60S subunit protein L39|RPL46|SPB2|YL40	S. cerevisiae
YJL191W	Ribosomal Protein of the Small subunit	Protein component of the small (40S) ribosomal subunit; required for ribosome assembly and 20S pre-rRNA processing; mutations confer cryptopleurine resistance; homologous to mammalian ribosomal protein S14 and bacterial S11; RPS14B has a paralog, RPS14A, that arose from the whole genome duplication	ORF	Verified	CRY2|ribosomal 40S subunit protein S14B|rp59B|S11|S14B|uS11	S. cerevisiae
YJL205C	NonClassical Export	Protein of unknown function; involved in secretion of proteins that lack classical secretory signal sequences; SWAT-GFP and mCherry fusion proteins localize to the cytosol	ORF	Verified	NCE1|YJL205C-A|YJL206C-A	S. cerevisiae
YJL225C	""	Putative Y' element ATP-dependent helicase	ORF	Uncharacterized	Y' element ATP-dependent helicase	S. cerevisiae
YJR021C	RECombination	Protein involved in early stages of meiotic recombination; involved in coordination between the initiation of recombination and the first division of meiosis; part of a complex (Rec107p-Mei4p-Rec114p) required for ds break formation	ORF	Verified	MER2	S. cerevisiae
YJR079W	""	Putative protein of unknown function; mutation results in impaired mitochondrial respiration	ORF	Uncharacterized	""	S. cerevisiae
YJR094W-A	Ribosomal Protein of the Large subunit	Ribosomal 60S subunit protein L43B; homologous to mammalian ribosomal protein L37A, no bacterial homolog; RPL43B has a paralog, RPL43A, that arose from the whole genome duplication; protein abundance increases in response to DNA replication stress	ORF	Verified	eL43|L43B|L43e|ribosomal 60S subunit protein L43B	S. cerevisiae
YJR145C	Ribosomal Protein of the Small subunit	Protein component of the small (40S) ribosomal subunit; mutation affects 20S pre-rRNA processing; homologous to mammalian ribosomal protein S4, no bacterial homolog; RPS4A has a paralog, RPS4B, that arose from the whole genome duplication	ORF	Verified	eS4|ribosomal 40S subunit protein S4A|rp5|S4A|S4e|S7A|YS6	S. cerevisiae
YLL050C	COFilin	Cofilin, involved in pH-dependent actin filament depolarization; binds both actin monomers and filaments and severs filaments; involved in the selective sorting, export of the secretory cargo from the late golgi; genetically interacts with pmr1; thought to be regulated by phosphorylation at SER4; ubiquitous and essential in eukaryotes	ORF	Verified	cofilin	S. cerevisiae
YLL066C	""	Putative Y' element ATP-dependent helicase; YLL066C is not an essential gene	ORF	Uncharacterized	Y' element ATP-dependent helicase	S. cerevisiae
YLL067C	""	Putative Y' element ATP-dependent helicase	ORF	Uncharacterized	Y' element ATP-dependent helicase	S. cerevisiae
YLR048W	Ribosomal Protein of the Small subunit	Protein component of the small (40S) ribosomal subunit; RPS0B has a paralog, RPS0A, that arose from the whole genome duplication; required for maturation of 18S rRNA along with Rps0Ap; deletion of either RPS0 gene reduces growth rate, deletion of both genes is lethal; homologous to human ribosomal protein SA and bacterial S2	ORF	Verified	NAB1B|ribosomal 40S subunit protein S0B|S0B|S2|uS2|YST2	S. cerevisiae
YLR054C	Outer Spore Wall	Protein of unknown function reputedly involved in spore wall assembly	ORF	Verified	""	S. cerevisiae
YLR061W	Ribosomal Protein of the Large subunit	Ribosomal 60S subunit protein L22A; required for translation of long 5' UTR of IME1 mRNA and meiotic entry; required for the oxidative stress response, pseudohyphal and invasive growth; homologous to mammalian ribosomal protein L22, no bacterial homolog; RPL22A has a paralog, RPL22B, that arose from the whole genome duplication	ORF	Verified	eL22|l1c|L22A|L22e|ribosomal 60S subunit protein L22A|rp4|YL31	S. cerevisiae
YLR078C	Bet One Suppressor	v-SNARE (vesicle specific SNAP receptor); localized to the endoplasmic reticulum membrane and necessary for vesicular transport from the ER to the Golgi; required for efficient nuclear fusion during mating	ORF	Verified	SEC32	S. cerevisiae
YLR093C	New Yeast V-SNARE	v-SNARE component of vacuolar SNARE complex; involved in vesicle fusion; inhibits ATP-dependent Ca(2+) transport activity of Pmc1p in vacuolar membrane; targeted to vacuole via AP-3 pathway	ORF	Verified	MAM2	S. cerevisiae
YLR128W	Defective in Cullin Neddylation	Scaffold-type E3 ligase; required for cullin neddylation and ubiquitin ligase activation; contains a ubiquitin-binding domain (UBA) for ubiquitin and Nedd8 (Rub1p) interaction and a PONY domain involved in cullin binding and neddylation	ORF	Verified	NEDD8 ligase DCN1	S. cerevisiae
YLR185W	Ribosomal Protein of the Large subunit	Ribosomal 60S subunit protein L37A; required for processing of 27SB pre-rRNA and formation of stable 66S assembly intermediates; homologous to mammalian ribosomal protein L37, no bacterial homolog; RPL37A has a paralog, RPL37B, that arose from the whole genome duplication	ORF	Verified	eL37|L37A|L37e|L43|ribosomal 60S subunit protein L37A|YL35	S. cerevisiae
YLR199C	Proteasome Biogenesis-Associated	Protein involved in 20S proteasome assembly; forms a heterodimer with Add66p that binds to proteasome precursors; interaction with Pba1p-Add66p may affect function of the mature proteasome and its role in maintaining respiratory metabolism; similar to human PAC1 constituent of the PAC1-PAC2 complex involved in proteasome assembly	ORF	Verified	POC1	S. cerevisiae
YLR202C	""	Dubious open reading frame; unlikely to encode a functional protein, based on available experimental and comparative sequence data; partially overlaps the verified ORF YLR201C; ORF contains a putative intron	ORF	Dubious	""	S. cerevisiae
YLR211C	AuTophaGy related	Homodimeric subunit of autophagy-specific PtdIns-3-kinase complex I; required for the integrity of the active PtdIns-3-kinase complex I by maintaining an association between Vps15p-Vps34p and Atg14p-Vps30p subcomplexes; localizes to the pre-autophagosomal structure (PAS) in an Atg14p-dependent manner; ATG38 is non-essential but is required for macroautophagy	ORF	Verified	""	S. cerevisiae
YLR275W	""	Core Sm protein Sm D2; part of heteroheptameric complex (with Smb1p, Smd1p, Smd3p, Sme1p, Smx3p, and Smx2p) that is part of the spliceosomal U1, U2, U4, and U5 snRNPs; homolog of human Sm D2	ORF	Verified	mRNA splicing protein SMD2|Sm D2	S. cerevisiae
YLR287C-A	Ribosomal Protein of the Small subunit	Protein component of the small (40S) ribosomal subunit; homologous to mammalian ribosomal protein S30, no bacterial homolog; RPS30A has a paralog, RPS30B, that arose from the whole genome duplication	ORF	Verified	eS30|ribosomal 40S subunit protein S30A|S30A|S30e	S. cerevisiae
YLR306W	UBiquitin-Conjugating	Enzyme that mediates the conjugation of Rub1p; a ubiquitin-like protein, to other proteins; related to E2 ubiquitin-conjugating enzymes	ORF	Verified	NEDD8-conjugating protein UBC12	S. cerevisiae
YLR316C	tRNA-specific Adenosine Deaminase	Subunit of tRNA-specific adenosine-34 deaminase; forms a heterodimer with Tad2p that converts adenosine to inosine at the wobble position of several tRNAs	ORF	Verified	""	S. cerevisiae
YLR329W	RECombination	Protein involved in early stages of meiotic recombination; required for chromosome synapsis; forms a complex with Rec104p and Spo11p necessary during the initiation of recombination	ORF	Verified	""	S. cerevisiae
YLR344W	Ribosomal Protein of the Large subunit	Ribosomal 60S subunit protein L26A; binds to 5.8S rRNA; non-essential even when paralog is also deleted; deletion has minimal affections on ribosome biosynthesis; homologous to mammalian ribosomal protein L26 and bacterial L24; RPL26A has a paralog, RPL26B, that arose from the whole genome duplication	ORF	Verified	L24|L26A|L33A|ribosomal 60S subunit protein L26A|uL24|YL33	S. cerevisiae
YLR367W	Ribosomal Protein of the Small subunit	Protein component of the small (40S) ribosomal subunit; homologous to mammalian ribosomal protein S15A and bacterial S8; RPS22B has a paralog, RPS22A, that arose from the whole genome duplication	ORF	Verified	ribosomal 40S subunit protein S22B|rp50|S22B|S24B|S8|uS8|YS22	S. cerevisiae
YLR406C	Ribosomal Protein of the Large subunit	Ribosomal 60S subunit protein L31B; associates with karyopherin Sxm1p; loss of both Rpl31p and Rpl39p confers lethality; homologous to mammalian ribosomal protein L31, no bacterial homolog; RPL31B has a paralog, RPL31A, that arose from the whole genome duplication	ORF	Verified	eL31|L31B|L31e|L34B|ribosomal 60S subunit protein L31B|YL28	S. cerevisiae
YLR426W	Topoisomerase I Damage Affected	Putative protein of unknown function; detected in highly purified mitochondria in high-throughput studies; proposed to be involved in resistance to mechlorethamine and streptozotocin; null mutant sensitive to expression of top1-T722A allele	ORF	Uncharacterized	""	S. cerevisiae
YLR445W	Grand Meiotic recombination Cluster	Protein involved in meiotic crossing over; component of the Synaptonemal Complex (SC) along with Ecm11p; required for the efficient loading of the SC transverse filament protein, Zip1p; promotes SUMOylation of Ecm11p; mutants are delayed in meiotic nuclear division and are defective in synaptonemal complex assembly; transcription is regulated by Ume6p and induced in response to alpha factor	ORF	Verified	""	S. cerevisiae
YLR448W	Ribosomal Protein of the Large subunit	Ribosomal 60S subunit protein L6B; binds 5.8S rRNA; homologous to mammalian ribosomal protein L6, no bacterial homolog; RPL6B has a paralog, RPL6A, that arose from the whole genome duplication	ORF	Verified	eL6|L17B|L6B|L6e|ribosomal 60S subunit protein L6B|rp18|YL16	S. cerevisiae
YLR464W	""	Putative protein of unknown function; intron is predicted but not detected experimentally; YLR464W overlaps the verified gene YRF1-4/YLR466W and two dubious ORFs YLR463C and YLR465C	ORF	Uncharacterized	""	S. cerevisiae
YML017W	Polymerase SuPpressor	Asn rich cytoplasmic protein that contains RGG motifs; high-copy suppressor of group II intron-splicing defects of a mutation in MRS2 and of a conditional mutation in POL1 (DNA polymerase alpha); possible role in mitochondrial mRNA splicing	ORF	Verified	MRS15	S. cerevisiae
YML024W	Ribosomal Protein of the Small subunit	Ribosomal protein 51 (rp51) of the small (40s) subunit; homologous to mammalian ribosomal protein S17, no bacterial homolog; RPS17A has a paralog, RPS17B, that arose from the whole genome duplication	ORF	Verified	eS17|ribosomal 40S subunit protein S17A|rp51A|RP51A|RPL51A|S17A|S17e	S. cerevisiae
YML025C	""	Mitochondrial ribosomal protein of the large subunit; has similarity to E. coli L4 ribosomal protein and human mitoribosomal MRP-L4 protein; essential for viability, unlike most other mitoribosomal proteins	ORF	Verified	mitochondrial 54S ribosomal protein YmL6|uL4m	S. cerevisiae
YML026C	Ribosomal Protein of the Small subunit	Protein component of the small (40S) ribosomal subunit; homologous to mammalian ribosomal protein S18 and bacterial S13; RPS18B has a paralog, RPS18A, that arose from the whole genome duplication; protein abundance increases in response to DNA replication stress	ORF	Verified	ribosomal 40S subunit protein S18B|S13|S18B|uS13	S. cerevisiae
YML034W	Spliced mRNA and Cell cycle regulated gene	Chromosome linkage inner nuclear membrane protein; CLIP, involved in perinuclear chromosome tethering and rDNA repeat stability; enriched at telomeres and subtelomeric regions; associates with and regulates subtelomeric genes, interacting with TREX (transcription export) factors; produces two splice variants with different functions; alternative splicing of SRC1 pre-mRNA is promoted by Hub1p; mutant is aneuploidy tolerant; SRC1 has a paralog, HEH2, that arose from the whole genome duplication	ORF	Verified	HEH1|YML033W	S. cerevisiae
YML036W	homolog of human CGI-121	Component of the EKC/KEOPS complex; EKC/KEOPS complex is required for t6A tRNA modification and telomeric TG1-3 recombination; may have role in transcription; Cgi121p is dispensable for tRNA modification; other complex members are Bud32p, Kae1p, Pcc1p, and Gon7p; ortholog of human TPRKB	ORF	Verified	""	S. cerevisiae
YML056C	IMP Dehydrogenase	Inosine monophosphate dehydrogenase; catalyzes the rate-limiting step in the de novo synthesis of GTP; member of a four-gene family in S. cerevisiae, constitutively expressed; IMD4 has a paralog, IMD3, that arose from the whole genome duplication	ORF	Verified	IMP dehydrogenase IMD4	S. cerevisiae
YML067C	ER Vesicle	Protein localized to COPII-coated vesicles; forms a complex with Erv46p; involved in the membrane fusion stage of transport; has homology to human ERGIC2 (PTX1) protein	ORF	Verified	""	S. cerevisiae
YML073C	Ribosomal Protein of the Large subunit	Ribosomal 60S subunit protein L6A; N-terminally acetylated; binds 5.8S rRNA; homologous to mammalian ribosomal protein L6, no bacterial homolog; RPL6A has a paralog, RPL6B, that arose from the whole genome duplication	ORF	Verified	eL6|L17A|L6A|L6e|ribosomal 60S subunit protein L6A|rp18|YL16|YL16A	S. cerevisiae
YML085C	TUBulin	Alpha-tubulin; associates with beta-tubulin (Tub2p) to form tubulin dimer, which polymerizes to form microtubules; relative distribution to nuclear foci increases upon DNA replication stress; TUB1 has a paralog, TUB3, that arose from the whole genome duplication	ORF	Verified	alpha-tubulin TUB1	S. cerevisiae
YML094W	Gene Involved in Microtubule biogenesis	Subunit of the heterohexameric cochaperone prefoldin complex; prefoldin binds specifically to cytosolic chaperonin and transfers target proteins to it; prefoldin complex also localizes to chromatin of actively transcribed genes in the nucleus and facilitates transcriptional elongation	ORF	Verified	PFD5	S. cerevisiae
YML124C	TUBulin	Alpha-tubulin; associates with beta-tubulin (Tub2p) to form tubulin dimer, which polymerizes to form microtubules; expressed at lower level than Tub1p; TUB3 has a paralog, TUB1, that arose from the whole genome duplication	ORF	Verified	alpha-tubulin TUB3	S. cerevisiae
YML133C	""	Putative Y' element ATP-dependent helicase; the authentic, non-tagged protein is detected in highly purified mitochondria in high-throughput studies; YML133C contains an intron	ORF	Uncharacterized	Y' element ATP-dependent helicase	S. cerevisiae
YMR033W	Actin-Related Protein	Component of both the SWI/SNF and RSC chromatin remodeling complexes; actin-related protein involved in transcriptional regulation	ORF	Verified	RSC12|SWP59	S. cerevisiae
YMR079W	SECretory	Phosphatidylinositol/phosphatidylcholine transfer protein; involved in regulating PtdIns, PtdCho, and ceramide metabolism, products of which regulate intracellular transport and UPR; has a role in localization of lipid raft proteins; functionally homologous to mammalian PITPs; SEC14 has a paralog, YKL091C, that arose from the whole genome duplication	ORF	Verified	phosphatidylinositol/phosphatidylcholine transfer protein SEC14|PIT1	S. cerevisiae
YMR116C	Absence of growth Suppressor of Cyp1	G-protein beta subunit and guanine dissociation inhibitor for Gpa2p; ortholog of RACK1 that inhibits translation; core component of the small (40S) ribosomal subunit; required to prevent frameshifting at ribosomes stalled at repeated CGA codons; regulates P-body formation induced by replication stress; represses Gcn4p in the absence of amino acid starvation; controls phosphorylation of multiple proteins	ORF	Verified	ASU9|CPC2|guanine nucleotide-binding protein subunit beta|NAD1|RACK1	S. cerevisiae
YMR125W	Suppressor of TOp1	Large subunit of the nuclear mRNA cap-binding protein complex; interacts with Npl3p to carry nuclear poly(A)+ mRNA to cytoplasm; also involved in nuclear mRNA degradation and telomere maintenance; orthologous to mammalian CBP80	ORF	Verified	CBC1|CBP80|GCR3|SUT1	S. cerevisiae
YMR133W	RECombination	Protein involved in early stages of meiotic recombination; possibly involved in the coordination of recombination and meiotic division; mutations lead to premature initiation of the first meiotic division	ORF	Verified	""	S. cerevisiae
YMR142C	Ribosomal Protein of the Large subunit	Ribosomal 60S subunit protein L13B; not essential for viability; homologous to mammalian ribosomal protein L13, no bacterial homolog; RPL13B has a paralog, RPL13A, that arose from the whole genome duplication	ORF	Verified	eL13|L13B|L13e|ribosomal 60S subunit protein L13B	S. cerevisiae
YMR143W	Ribosomal Protein of the Small subunit	Protein component of the small (40S) ribosomal subunit; homologous to mammalian ribosomal protein S16 and bacterial S9; RPS16A has a paralog, RPS16B, that arose from the whole genome duplication	ORF	Verified	ribosomal 40S subunit protein S16A|rp61R|S16A|S9|uS9	S. cerevisiae
YMR147W	Lipid Droplet Organization protein of 45 Kda	Putative protein of unknown function; SWAT-GFP and mCherry fusion proteins localize to the cell periphery	ORF	Uncharacterized	""	S. cerevisiae
YMR194W	Ribosomal Protein of the Large subunit	Ribosomal 60S subunit protein L36A; N-terminally acetylated; binds to 5.8 S rRNA; homologous to mammalian ribosomal protein L36, no bacterial homolog; RPL36A has a paralog, RPL36B, that arose from the whole genome duplication	ORF	Verified	eL36|L36A|L36e|L39|ribosomal 60S subunit protein L36A|RPL39B|YL39	S. cerevisiae
YMR201C	RADiation sensitive	Subunit of Nucleotide Excision Repair Factor 1 (NEF1); recognizes and binds damaged DNA during nucleotide excision repair (NER); also involved in regulation of transcription; contains zinc finger motif; homolog of human XPA protein	ORF	Verified	DNA repair protein RAD14	S. cerevisiae
YMR225C	Mitochondrial Ribosomal Protein, Large subunit	Mitochondrial ribosomal protein of the large subunit; protein abundance increases in response to DNA replication stress	ORF	Verified	mitochondrial 54S ribosomal protein YmL44|mL53|YmL44|YMR44	S. cerevisiae
YMR230W	Ribosomal Protein of the Small subunit	Protein component of the small (40S) ribosomal subunit; homologous to mammalian ribosomal protein S10, no bacterial homolog; RPS10B has a paralog, RPS10A, that arose from the whole genome duplication; mutations in the human homolog associated with Diamond-Blackfan anemia	ORF	Verified	eS10|ribosomal 40S subunit protein S10B|S10B|S10e	S. cerevisiae
YMR242C	Ribosomal Protein of the Large subunit	Ribosomal 60S subunit protein L20A; homologous to mammalian ribosomal protein L18A, no bacterial homolog; RPL20A has a paralog, RPL20B, that arose from the whole genome duplication	ORF	Verified	eL20|L18A|L20A|L20e|ribosomal 60S subunit protein L20A|RPL18A2	S. cerevisiae
YMR292W	GOlgi Transport	Homodimeric protein that is packaged into COPII vesicles; cycles between the ER and Golgi; involved in secretory transport but not directly required for aspects of transport assayed in vitro; may influence membrane composition	ORF	Verified	""	S. cerevisiae
YNL004W	Hypothetical RNA-Binding protein	Poly(A+) RNA-binding protein; key surveillance factor for the selective export of spliced mRNAs from the nucleus to the cytoplasm; preference for intron-containing genes; similar to Npl3p; HRB1 has a paralog, GBP2, that arose from the whole genome duplication	ORF	Verified	mRNA-binding protein|TOM34	S. cerevisiae
YNL012W	SPOrulation	Meiosis-specific prospore protein; required for meiotic spindle pole body duplication and separation; required to produce bending force necessary for proper prospore membrane assembly during sporulation; has similarity to phospholipase B	ORF	Verified	putative carboxylic ester hydrolase	S. cerevisiae
YNL038W	GlycosylPhosphatidylInositol anchor biosynthesis	Protein involved in the synthesis of GlcNAc-PI; GlcNAc-PI is the first intermediate in the synthesis of glycosylphosphatidylinositol (GPI) anchors; homologous to the human PIG-H protein; GlcNAc-PI stands for N-acetylglucosaminyl phosphatidylinositol	ORF	Verified	phosphatidylinositol N-acetylglucosaminyltransferase GPI15	S. cerevisiae
YNL044W	Ypt-Interacting Protein	Protein localized to COPII vesicles; proposed to be involved in ER-to-Golgi transport; interacts with members of the Rab GTPase family and Yip1p; also interacts with Rtn1p; integral membrane protein that localizes to the ER, the Golgi apparatus, transport vesicles and the peroxisome; two isoforms exist, a full-length Yip3L (Yip3 Long) and a shorter peroxisomal matrix isoform Yip3S (Yip3 Short)	ORF	Verified	""	S. cerevisiae
YNL050C	""	Putative protein of unknown function; YNL050c is not an essential gene	ORF	Uncharacterized	""	S. cerevisiae
YNL069C	Ribosomal Protein of the Large subunit	Ribosomal 60S subunit protein L16B; N-terminally acetylated, binds 5.8 S rRNA; transcriptionally regulated by Rap1p; homologous to mammalian ribosomal protein L13A and bacterial L13; RPL16B has a paralog, RPL16A, that arose from the whole genome duplication	ORF	Verified	L13|L16B|L21B|ribosomal 60S subunit protein L16B|rp23|RP23|uL13|YL15	S. cerevisiae
YNL096C	Ribosomal Protein of the Small subunit	Protein component of the small (40S) ribosomal subunit; interacts with Kti11p; deletion causes hypersensitivity to zymocin; homologous to mammalian ribosomal protein S7, no bacterial homolog; RPS7B has a paralog, RPS7A, that arose from the whole genome duplication; protein abundance increases in response to DNA replication stress	ORF	Verified	eS7|ribosomal 40S subunit protein S7B|rp30|S7B|S7e	S. cerevisiae
YNL112W	Dead Box Protein	ATP-dependent RNA helicase of the DEAD-box protein family; has strong preference for dsRNA; remodels RNA-protein complex (RNP) to facilitate efficient transcription termination ; required for assembly of Yra1p, Nab2p and Mex67p onto mRNA and formation of nuclear mRNP; involved in mRNA decay and rRNA processing; may be involved in suppression of transcription from cryptic initiation sites	ORF	Verified	DEAD-box ATP-dependent RNA helicase DBP2	S. cerevisiae
YNL130C	CholinePhosphoTransferase	Cholinephosphotransferase; required for phosphatidylcholine biosynthesis and for inositol-dependent regulation of EPT1 transcription; CPT1 has a paralog, EPT1, that arose from the whole genome duplication	ORF	Verified	diacylglycerol cholinephosphotransferase	S. cerevisiae
YNL147W	Like SM	Lsm (Like Sm) protein; part of heteroheptameric complexes (Lsm2p-7p and either Lsm1p or 8p): cytoplasmic Lsm1p complex involved in mRNA decay; nuclear Lsm8p complex part of U6 snRNP and possibly involved in processing tRNA, snoRNA, and rRNA; protein abundance increases and forms cytoplasmic foci in response to DNA replication stress	ORF	Verified	Sm-like protein LSM7	S. cerevisiae
YNL162W	Ribosomal Protein of the Large subunit	Ribosomal 60S subunit protein L42A; homologous to mammalian ribosomal protein L36A, no bacterial homolog; RPL42A has a paralog, RPL42B, that arose from the whole genome duplication	ORF	Verified	eL42|L41A|L42A|L44e|ribosomal 60S subunit protein L42A|YL27	S. cerevisiae
YNL246W	Vacuolar Protein Sorting	NAP family histone chaperone; binds to histones and Rtt109p, stimulating histone acetyltransferase activity; possesses nucleosome assembly activity in vitro; proposed role in vacuolar protein sorting and in double-strand break repair; protein abundance increases in response to DNA replication stress; relocalizes to the cytosol in response to hypoxia	ORF	Verified	""	S. cerevisiae
YNL265C	Increased Sodium Tolerance	Protein with positive role in the multivesicular body sorting pathway; functions and forms a complex with Did2p; recruitment to endosomes is mediated by the Vps2p-Vps24p subcomplex of ESCRT-III; also interacts with Vps4p	ORF	Verified	""	S. cerevisiae
YNL301C	Ribosomal Protein of the Large subunit	Ribosomal 60S subunit protein L18B; homologous to mammalian ribosomal protein L18, no bacterial homolog; RPL18B has a paralog, RPL18A, that arose from the whole genome duplication	ORF	Verified	eL18|L18B|L18e|ribosomal 60S subunit protein L18B|rp28B|RP28B	S. cerevisiae
YNL302C	Ribosomal Protein of the Small subunit	Protein component of the small (40S) ribosomal subunit; required for assembly and maturation of pre-40 S particles; homologous to mammalian ribosomal protein S19, no bacterial homolog; mutations in human RPS19 are associated with Diamond Blackfan anemia; RPS19B has a paralog, RPS19A, that arose from the whole genome duplication	ORF	Verified	eS19|ribosomal 40S subunit protein S19B|rp55B|RP55B|S16aB|S19B|S19e|YS16B	S. cerevisiae
YNL312W	Replication Factor A	Subunit of heterotrimeric Replication Protein A (RPA); RPA is a highly conserved single-stranded DNA binding protein involved in DNA replication, repair, and recombination; RPA protects against inappropriate telomere recombination, and upon telomere uncapping, prevents cell proliferation by a checkpoint-independent pathway; in concert with Sgs1p-Top2p-Rmi1p, stimulates DNA catenation/decatenation activity of Top3p; protein abundance increases in response to DNA replication s	ORF	Verified	BUF1|RPA2|RPA32	S. cerevisiae
YNL339C	""	Helicase encoded by the Y' element of subtelomeric regions; highly expressed in the mutants lacking the telomerase component TLC1; potentially phosphorylated by Cdc28p	ORF	Verified	Y' element ATP-dependent helicase protein 1 copy 6|YRF1	S. cerevisiae
YNR053C	NucleOlar G-protein	Putative GTPase; associates with pre-60S ribosomal subunits in the nucleolus and is required for their nuclear export and maturation; recruited by ribosomal proteins L17, L35, and L37 to assembling ribosomes after 27SB pre-rRNA is generated, immediately preceding removal of ITS2	ORF	Verified	NUG2|putative GTPase NOG2	S. cerevisiae
YOL047C	Lipid Droplets in Sporulation	Protein Involved in spore wall assembly; localizes to lipid droplets found on or outside of the prospore membrane; shares similarity with Lds1p and Rrt8p, and a strain mutant for all 3 genes exhibits reduced dityrosine fluorescence relative to the single mutants; green fluorescent protein (GFP)-fusion protein localizes to the cytoplasm in a punctate pattern	ORF	Verified	""	S. cerevisiae
YOL048C	Regulator of rDNA Transcription	Protein involved in spore wall assembly; shares similarity with Lds1p and Lds2p and a strain mutant for all 3 genes exhibits reduced dityrosine fluorescence relative to the single mutants; identified in a screen for mutants with increased levels of rDNA transcription; green fluorescent protein (GFP)-fusion protein localizes to lipid particles; protein abundance increases in response to DNA replication stress	ORF	Verified	""	S. cerevisiae
YOL120C	Ribosomal Protein of the Large subunit	Ribosomal 60S subunit protein L18A; intron of RPL18A pre-mRNA forms stem-loop structures that are a target for Rnt1p cleavage leading to degradation; homologous to mammalian ribosomal protein L18, no bacterial homolog; RPL18A has a paralog, RPL18B, that arose from the whole genome duplication	ORF	Verified	eL18|L18A|L18e|ribosomal 60S subunit protein L18A|rp28A|RP28A	S. cerevisiae
YOL121C	Ribosomal Protein of the Small subunit	Protein component of the small (40S) ribosomal subunit; required for assembly and maturation of pre-40 S particles; homologous to mammalian ribosomal protein S19, no bacterial homolog; mutations in human RPS19 are associated with Diamond Blackfan anemia; RPS19A has a paralog, RPS19B, that arose from the whole genome duplication	ORF	Verified	eS19|ribosomal 40S subunit protein S19A|rp55a|S16aA|S19A|S19e|YS16A	S. cerevisiae
YOL127W	Ribosomal Protein of the Large subunit	Ribosomal 60S subunit protein L25; primary rRNA-binding ribosomal protein component of large ribosomal subunit; binds to 25S rRNA via a conserved C-terminal motif; homologous to mammalian ribosomal protein L23A and bacterial L23	ORF	Verified	L23|L25|ribosomal 60S subunit protein L25|rpl6L|uL23|YL25	S. cerevisiae
YOR096W	Ribosomal Protein of the Small subunit	Protein component of the small (40S) ribosomal subunit; interacts with Kti11p; deletion causes hypersensitivity to zymocin; homologous to mammalian ribosomal protein S7, no bacterial homolog; RPS7A has a paralog, RPS7B, that arose from the whole genome duplication	ORF	Verified	eS7|ribosomal 40S subunit protein S7A|rp30|RPS30|S7A|S7e	S. cerevisiae
YOR122C	ProFilin of Yeast	Profilin; binds actin, phosphatidylinositol 4,5-bisphosphate, and polyproline regions; involved in cytoskeleton organization; required for normal timing of actin polymerization in response to thermal stress; protein abundance increases in response to DNA replication stress; highly conserved protein; human PFN1 (profilin 1) complements temperature sensitive pfy1 mutants, PFN1 mutations are a rare cause of ALS	ORF	Verified	CLS5|PRF1|profilin	S. cerevisiae
YOR182C	Ribosomal Protein of the Small subunit	Protein component of the small (40S) ribosomal subunit; homologous to mammalian ribosomal protein S30, no bacterial homolog; RPS30B has a paralog, RPS30A, that arose from the whole genome duplication; protein abundance increases in response to DNA replication stress	ORF	Verified	eS30|ribosomal 40S subunit protein S30B|S30B|S30e	S. cerevisiae
YOR234C	Ribosomal Protein of the Large subunit	Ribosomal 60S subunit protein L33B; rpl33b null mutant exhibits normal growth while rpl33a rpl33b double null mutant is inviable; homologous to mammalian ribosomal protein L35A, no bacterial homolog; RPL33B has a paralog, RPL33A, that arose from the whole genome duplication	ORF	Verified	eL33|L33B|L33e|L37B|ribosomal 60S subunit protein L33B|rp47|RPL37B|Yl37	S. cerevisiae
YOR293W	Ribosomal Protein of the Small subunit	Protein component of the small (40S) ribosomal subunit; homologous to mammalian ribosomal protein S10, no bacterial homolog; RPS10A has a paralog, RPS10B, that arose from the whole genome duplication; mutations in the human homolog associated with Diamond-Blackfan anemia	ORF	Verified	eS10|ribosomal 40S subunit protein S10A|S10A|S10e	S. cerevisiae
YOR312C	Ribosomal Protein of the Large subunit	Ribosomal 60S subunit protein L20B; homologous to mammalian ribosomal protein L18A, no bacterial homolog; RPL20B has a paralog, RPL20A, that arose from the whole genome duplication	ORF	Verified	eL20|L18B|L20B|L20e|ribosomal 60S subunit protein L20B|RPL18A1	S. cerevisiae
YOR318C	""	Dubious open reading frame; unlikely to encode a functional protein, based on available experimental and comparative sequence data; transcript is predicted to be spliced but there is no evidence that it is spliced in vivo	ORF	Dubious	""	S. cerevisiae
YPL031C	PHOsphate metabolism	Cyclin-dependent kinase; has ten cyclin partners; involved in regulating the cellular response to nutrient levels and environmental conditions and progression through the cell cycle; human lissencephaly-associated homolog CDK5 functionally complements null mutation	ORF	Verified	cyclin-dependent serine/threonine-protein kinase PHO85|LDB15|phoU	S. cerevisiae
YPL075W	GlyColysis Regulation	Transcriptional activator of genes involved in glycolysis; DNA-binding protein that interacts and functions with the transcriptional activator Gcr2p; contains a long intron, which allows multiple RNA and protein isoforms with varying expression levels depending on glucose availability	ORF	Verified	LPF10|SIT3|transcription regulator GCR1	S. cerevisiae
YPL079W	Ribosomal Protein of the Large subunit	Ribosomal 60S subunit protein L21B; homologous to mammalian ribosomal protein L21, no bacterial homolog; RPL21B has a paralog, RPL21A, that arose from the whole genome duplication	ORF	Verified	eL21|L21B|L21e|ribosomal 60S subunit protein L21B	S. cerevisiae
YPL081W	Ribosomal Protein of the Small subunit	Protein component of the small (40S) ribosomal subunit; homologous to mammalian ribosomal protein S9 and bacterial S4; RPS9A has a paralog, RPS9B, that arose from the whole genome duplication	ORF	Verified	ribosomal 40S subunit protein S9A|rp21|S13|S4|S9A|uS4|YS11	S. cerevisiae
YPL090C	Ribosomal Protein of the Small subunit	Protein component of the small (40S) ribosomal subunit; homologous to mammalian ribosomal protein S6, no bacterial homolog; phosphorylated on S233 by Ypk3p in a TORC1-dependent manner, and on S232 in a TORC1/2-dependent manner by Ypk1/2/3p; RPS6A has a paralog, RPS6B, that arose from the whole genome duplication	ORF	Verified	eS6|ribosomal 40S subunit protein S6A|rp9|S10A|S6A|S6e|YS4	S. cerevisiae
YPL109C	CoQ Distribution	UbiB family mitochondrial protein; involved in mobilization of CoQ from its site of synthesis on the inner mitochondrial membrane to other sites of action; contains transmembrane domain and mitochondrial targeting sequence	ORF	Verified	MCO76	S. cerevisiae
YPL129W	TATA binding protein-Associated Factor	Subunit of TFIID, TFIIF, INO80, SWI/SNF, and NuA3 complexes; involved in RNA polymerase II transcription initiation and in chromatin modification; serves as an additional DNA binding domain for the complex; contains a YEATS domain	ORF	Verified	ANC1|SWP29|TAF30|TafII30|TATA-binding protein-associated factor TAF14|TFG3	S. cerevisiae
YPL143W	Ribosomal Protein of the Large subunit	Ribosomal 60S subunit protein L33A; N-terminally acetylated; rpl33a null mutant exhibits slow growth while rpl33a rpl33b double null mutant is inviable; homologous to mammalian ribosomal protein L35A, no bacterial homolog; RPL33A has a paralog, RPL33B, that arose from the whole genome duplication	ORF	Verified	eL33|GCD17|L33A|L33e|l37A|ribosomal 60S subunit protein L33A|rp47|RPL37A|YL37	S. cerevisiae
YPL175W	SuPpressor of Ty	UDP-glycosyltransferase subunit of the GPI-GnT complex; UDP-GlcNAc-binding and catalytic subunit of the enzyme that mediates the first step in glycosylphosphatidylinositol (GPI) biosynthesis, mutations cause defects in transcription and in biogenesis of cell wall proteins	ORF	Verified	CWH6|GPI3|phosphatidylinositol N-acetylglucosaminyltransferase SPT14	S. cerevisiae
YPL198W	Ribosomal Protein of the Large subunit	Ribosomal 60S subunit protein L7B; required for processing of 27SA3 pre-rRNA to 27SB pre-rRNA during assembly of large ribosomal subunit; depletion leads to a turnover of pre-rRNA; contains a conserved C-terminal Nucleic acid Binding Domain (NDB2); binds to Domain II of 25S and 5.8S rRNAs; homologous to mammalian ribosomal protein L7 and bacterial L30; RPL7B has a paralog, RPL7A, that arose from the whole genome duplication	ORF	Verified	L30|L6B|L7B|ribosomal 60S subunit protein L7B|rp11|uL30|YL8	S. cerevisiae
YPL218W	Secretion-Associated, Ras-related	ARF family GTPase; component of the COPII vesicle coat; required for transport vesicle formation during ER to Golgi protein transport; lowers membrane rigidity aiding vesicle formation; localizes to ER-mitochondrial contact sites where it enhances membrane curvature, thereby reducing contact size via its N-terminal amphipathic helix; regulates mitochondrial fission and fusion dynamics	ORF	Verified	Arf family GTPase SAR1	S. cerevisiae
YPL241C	Chromosome INstability	GTPase-activating protein (GAP) for Cin4p; tubulin folding factor C involved in beta-tubulin (Tub2p) folding; mutants display increased chromosome loss and benomyl sensitivity; human homolog RP2 complements yeast null mutant	ORF	Verified	GTPase-activating protein CIN2	S. cerevisiae
YPL283C	""	Helicase encoded by the Y' element of subtelomeric regions; highly expressed in the mutants lacking the telomerase component TLC1; potentially phosphorylated by Cdc28p	ORF	Verified	Y' element ATP-dependent helicase protein 1 copy 7|YRF1	S. cerevisiae
YPR028W	YIP One Partner	Reticulon-interacting protein; ER integral membrane protein involved in the generation of tubular ER morphology; promotes membrane curvature; forms tubules in vitro; regulates the ER asymmetry-induced inheritance block during ER stress; role in ER-derived peroxisomal biogenesis; interacts with Yip1p to mediate membrane traffic and with Sey1p to maintain ER morphology; facilitates lipid exchange between the ER and mitochondria; forms ER foci upon DNA replication stress	ORF	Verified	YIP2	S. cerevisiae
YPR043W	Ribosomal Protein of the Large subunit	Ribosomal 60S subunit protein L43A; null mutation confers a dominant lethal phenotype; homologous to mammalian ribosomal protein L37A, no bacterial homolog; RPL43A has a paralog, RPL43B, that arose from the whole genome duplication	ORF	Verified	eL43|L43A|L43e|ribosomal 60S subunit protein L43A	S. cerevisiae
YPR063C	""	ER-localized protein of unknown function	ORF	Uncharacterized	""	S. cerevisiae
YPR098C	TMem205 Homolog of 18 kDa	Mitochondrial protein of unknown function; localized to the mitochondrial outer membrane	ORF	Verified	""	S. cerevisiae
YPR132W	Ribosomal Protein of the Small subunit	Ribosomal protein 28 (rp28) of the small (40S) ribosomal subunit; required for translational accuracy; homologous to mammalian ribosomal protein S23 and bacterial S12; RPS23B has a paralog, RPS23A, that arose from the whole genome duplication; deletion of both RPS23A and RPS23B is lethal	ORF	Verified	ribosomal 40S subunit protein S23B|rp37|S12|S23B|S28B|uS12|YS14	S. cerevisiae
YPR153W	genetic interaction profile similarity to MTC Annotated Yeast genes MTC2 and MTC4	Peripheral ER membrane protein; putative ER chaperone required for the stability and function of nutrient permeases exposed to high pressure	ORF	Verified	EHG1	S. cerevisiae
YPR187W	RNA POlymerase	RNA polymerase subunit ABC23; common to RNA polymerases I, II, and III; part of central core; similar to bacterial omega subunit	ORF	Verified	ABC23|DNA-directed RNA polymerase core subunit RPO26|RPB6	S. cerevisiae
YPR202W	""	Putative protein of unknown function; similar to telomere-encoded helicases; down-regulated at low calcium levels; YPR202W is not an essential gene; transcript is predicted to be spliced but there is no evidence that it is spliced in vivo	ORF	Uncharacterized	""	S. cerevisiae
YFL034C-A	Ribosomal Protein of the Large subunit	Ribosomal 60S subunit protein L22A; required for translation of long 5' UTR of IME1 mRNA and meiotic entry; autoregulates splicing of its pre-m-RNA; homologous to mammalian ribosomal protein L22, no bacterial homolog; RPL22B has a paralog, RPL22A, that arose from the whole genome duplication	ORF	Verified	eL22|l1c|L22B|L22e|ribosomal 60S subunit protein L22B|rp4|YFL035C-B|YL31	S. cerevisiae
YPL249C-A	Ribosomal Protein of the Large subunit	Ribosomal 60S subunit protein L36B; binds to 5.8 S rRNA; homologous to mammalian ribosomal protein L36, no bacterial homolog; RPL36B has a paralog, RPL36A, that arose from the whole genome duplication	ORF	Verified	eL36|L36B|L36e|L39|ribosomal 60S subunit protein L36B|YL39	S. cerevisiae
YCR028C-A	Replication In Mitochondria	ssDNA-binding protein essential for mitochondrial genome maintenance; involved in mitochondrial DNA replication; stimulates utilization by Mip1p DNA polymerase of RNA primers synthesized by Rpo41p	ORF	Verified	""	S. cerevisiae
YBL091C-A	Suppressor of Choline Sensitivity	Protein involved in regulation of phospholipid metabolism; one of 6 proteins (Ist2p, Scs2p, Scs22p, Tcb1p, Tcb2p, Tcb3p) that connect the ER and plasma membrane (PM); regulates PM PI4P levels by controlling access of the Sac1p phosphatase to its substrate, PI4P; human VAP homolog; similar to D. melanogaster inturned protein; SWAT-GFP and mCherry fusion proteins localize to the cytosol; SCS22 has a paralog, SCS2, that arose from the whole genome duplication	ORF	Verified	phospholipid metabolism-regulating protein SCS22	S. cerevisiae
Q0045	Cytochrome c OXidase	Subunit I of cytochrome c oxidase (Complex IV); Complex IV is the terminal member of the mitochondrial inner membrane electron transport chain; one of three mitochondrially-encoded subunits; number of introns in different strains varies from 2 to 8, with most strains having 4-6 introns	ORF	Verified	cytochrome c oxidase subunit 1|OXI3	S. cerevisiae
Q0055	""	Reverse transcriptase required for splicing of the COX1 pre-mRNA; encoded by a mobile group II intron within the mitochondrial COX1 gene	ORF	Verified	intron-encoded reverse transcriptase aI2	S. cerevisiae
Q0060	""	Endonuclease I-SceIII; encoded by a mobile group I intron within the mitochondrial COX1 gene	ORF	Verified	intron-encoded DNA endonuclease aI3|I-SceIII	S. cerevisiae
Q0065	""	Endonuclease I-SceII; encoded by a mobile group I intron within the mitochondrial COX1 gene; intron is normally spliced by the BI4p maturase but AI4p can mutate to acquire the same maturase activity	ORF	Verified	intron-encoded DNA endonuclease aI4|I-SceII	S. cerevisiae
Q0070	""	Endonuclease I-SceIV; involved in intron mobility; encoded by a mobile group I intron within the mitochondrial COX1 gene	ORF	Verified	intron-encoded DNA endonuclease aI5 alpha	S. cerevisiae
Q0075	""	Protein of unknown function; encoded within an intron of the mitochondrial COX1 gene; translational initiation codon is predicted to be ATA rather than ATG	ORF	Uncharacterized	intron-encoded DNA endonuclease aI5 beta	S. cerevisiae
Q0105	CytochrOme B	Cytochrome b; mitochondrially-encoded subunit of ubiquinol-cytochrome c reductase complex which includes Cobp, Rip1p, Cyt1p, Cor1p, Qcr2p, Qcr6p, Qcr7p, Qcr8p, Qcr9p, and Qcr10p; number of introns varies between strains from 0 to 6, with most having 5	ORF	Verified	COB1|CYTB|cytochrome b	S. cerevisiae
Q0110	""	Mitochondrial mRNA maturase with a role in splicing; encoded by both exon and intron sequences of partially processed COB mRNA	ORF	Verified	cytochrome b mRNA maturase bI2	S. cerevisiae
Q0115	""	Mitochondrial mRNA maturase; forms a complex with Mrs1p to mediate splicing of the bI3 intron of the COB gene; encoded by both exon and intron sequences of partially processed COB mRNA	ORF	Verified	cytochrome b mRNA maturase bI3	S. cerevisiae
Q0120	""	Mitochondrial mRNA maturase; forms a complex with Nam2p to mediate splicing of the bI4 intron of the COB gene; encoded by both exon and intron sequences of partially processed COB mRNA	ORF	Verified	intron-encoded RNA maturase bI4	S. cerevisiae
Q0255	""	Maturase-like protein	ORF	Uncharacterized	maturase-like protein|ORF1|RF1	S. cerevisiae
YBL059C-A	Cx9C Motif-Containing protein	Protein involved in respiratory chain complex assembly or maintenance; protein of the mitochondrial intermembrane space; contains twin Cx9C motifs that can form coiled coil-helix-coiled-coil helix fold	ORF	Verified	""	S. cerevisiae
YER014C-A	BUD site selection	Protein involved in bud-site selection; diploid mutants display a random budding pattern instead of the wild-type bipolar pattern	ORF	Verified	""	S. cerevisiae
YBR255C-A	Respiratory superComplex Factor	Mitochondrial inner membrane protein; associates with respiratory chain supercomplexes III (ubiquinol-cytochrome c reductase) and IV (cytochrome c oxidase); identified by sequence comparison with hemiascomycetous yeast species	ORF	Uncharacterized	""	S. cerevisiae
YDR381C-A	Cytochrome c Oxidase Interacting protein	Mitochondrial assembly factor; important for assembly of the mitochondrial respiratory chain bc1 complex (complex III), cytochrome oxidase (complex IV), and the complex III-complex IV supercomplex; embedded in the mitochondrial inner membrane, facing the intermembrane space	ORF	Verified	MCO13	S. cerevisiae
YER074W-A	Yip One Suppressor	Integral membrane protein required for ER to Golgi transport; localized to the Golgi, the ER, and COPII vesicles; interacts with Yip1p and Yif1p	ORF	Verified	""	S. cerevisiae
YCL005W-A	Vacuolar Membrane Atpase	Vacuolar H+ ATPase subunit e of the V-ATPase V0 subcomplex; essential for vacuolar acidification; interacts with the V-ATPase assembly factor Vma21p in the ER; involved in V0 biogenesis	ORF	Verified	CWH36|H(+)-transporting V0 sector ATPase subunit e|LDB10	S. cerevisiae
YNL138W-A	Yeast Splicing Factor 3b subunit	Component of the SF3b subcomplex of the U2 snRNP; essential protein required for splicing and for assembly of SF3b	ORF	Verified	RCP10|U2 snRNP complex subunit YSF3	S. cerevisiae
YBR111W-A	Sl gene Upstream of ySa1	Global transcriptional regulator, component of SAGA, TREX-2 complexes; interacts with RNA polymerase II; involved in mRNA export coupled transcription activation and elongation; involved in post-transcriptional tethering of active genes to nuclear periphery and to non-nascent mRNP; plays role in negatively regulating telomere length through modulation of H2BK123 mono-ubiquitination and its interaction with nuclear pore complex	ORF	Verified	""	S. cerevisiae
YIL156W-B	Mitochondrial Class One protein of 8 kDa	Mitochondrial protein of unknown function; originally identified based on homology to <i>Ashbya gossypii</i> and other related yeasts; SWAT-GFP and mCherry fusion proteins localize to the vacuole, while SWAT-GFP fusion also localizes to the endoplasmic reticulum	ORF	Verified	""	S. cerevisiae
YKR095W-A	Polarized growth Chromatin-associated Controller	Component of the EKC/KEOPS protein complex; EKC/KEOPS complex is required for t6A tRNA modification and telomeric TG1-3 recombination; may have role in transcription; other complex members are Kae1p, Gon7p, Bud32p, and Cgi121p; ortholog of human LAGE3	ORF	Verified	chromatin DNA-binding EKC/KEOPS complex subunit PCC1	S. cerevisiae
YJR112W-A	""	Putative protein of unknown function; SWAT-GFP and mCherry fusion proteins localize to the endoplasmic reticulum; identified based on homology to <i>Ashbya gossypii</i>	ORF	Uncharacterized	""	S. cerevisiae
YMR194C-B	Cx9C Motif-Containing protein	Protein that localizes to the mitochondrial intermembrane space; localizes via the Mia40p-Erv1p system; contains twin cysteine-x(9)-cysteine motifs	ORF	Verified	""	S. cerevisiae
YPR170W-B	""	Putative, non-essential component vacuolar ATPase; conserved in fungi; SWAT-GFP fusion protein localizes to vacuole membrane; partially overlaps the dubious genes YPR169W-A, YPR170W-A and YRP170C	ORF	Verified	""	S. cerevisiae
YHR199C-A	N-terminal-Borealin Like protein	Subunit of the conserved chromosomal passenger complex (CPC); complex regulates mitotic chromosome segregation; not required for the kinase activity of the complex; mediates the interaction of Sli15p and Bir1p; other complex members are Ipl1p, Sli15p, and Bir1p	ORF	Verified	MCL1	S. cerevisiae
YCL012C	""	Protein of unknown function; SWAT-GFP and mCherry fusion proteins localize to the endoplasmic reticulum and vacuole respectively; orthologs are present in S. bayanus, S. paradoxus and Ashbya gossypii; YCL012C is not an essential gene	ORF	Verified	YCL011C-A	S. cerevisiae
YPR010C-A	mitochondrial MINi protein of 8 kDa	Protein of unknown function; SWAT-GFP, seamless-GFP and mCherry fusion proteins localize to cytosol; conserved among Saccharomyces sensu stricto species	ORF	Verified	""	S. cerevisiae
